SampleID,d__Bacteria;p__Proteobacteria,d__Bacteria;p__Cyanobacteria,d__Bacteria;__,d__Bacteria;p__Myxococcota,d__Bacteria;p__Patescibacteria,d__Bacteria;p__Chloroflexi,d__Bacteria;p__Actinobacteriota,d__Bacteria;p__Firmicutes,d__Bacteria;p__Acidobacteriota,d__Archaea;p__Crenarchaeota,d__Archaea;p__Nanoarchaeota,d__Archaea;p__Euryarchaeota,d__Archaea;p__Halobacterota,d__Bacteria;p__Planctomycetota,d__Bacteria;p__Latescibacterota,d__Bacteria;p__Spirochaetota,d__Bacteria;p__Verrucomicrobiota,d__Bacteria;p__Elusimicrobiota,d__Bacteria;p__WS1,d__Bacteria;p__MBNT15,d__Bacteria;p__Gemmatimonadota,d__Bacteria;p__Methylomirabilota,d__Bacteria;p__Nitrospirota,d__Bacteria;p__Bacteroidota,d__Bacteria;p__WS2,d__Bacteria;p__Dependentiae,d__Bacteria;p__Bdellovibrionota,d__Bacteria;p__WS4,d__Bacteria;p__Sumerlaeota,d__Bacteria;p__Desulfobacterota,d__Bacteria;p__RCP2-54,d__Bacteria;p__Fibrobacterota,d__Bacteria;p__WPS-2,d__Bacteria;p__Armatimonadota,d__Bacteria;p__GAL15,d__Bacteria;p__FCPU426,d__Bacteria;p__SAR324_clade(Marine_group_B),d__Bacteria;p__Hydrogenedentes,d__Archaea;p__Thermoplasmatota,d__Archaea;p__Aenigmarchaeota,d__Archaea;__,d__Bacteria;p__Entotheonellaeota,d__Bacteria;p__NB1-j,d__Bacteria;p__Dadabacteria,d__Bacteria;p__Deinococcota,d__Bacteria;p__Deferrisomatota,d__Bacteria;p__Zixibacteria,d__Bacteria;p__Calditrichota,d__Archaea;p__Iainarchaeota,d__Bacteria;p__Nitrospinota,d__Bacteria;p__Margulisbacteria,d__Bacteria;p__Abditibacteriota,d__Bacteria;p__Fusobacteriota
AL1-P1_S27,5305,394,126,577,189,652,3546,87,2390,0,0,0,0,1131,42,0,2506,18,0,0,22,139,0,536,0,0,0,0,0,0,38,0,0,27,0,0,18,0,0,0,0,0,0,0,0,0,0,0,0,0,0,0,0
AL1-P2_S28,7357,154,171,436,164,514,4491,19,3827,6,0,0,0,3939,0,0,1924,27,0,0,0,11,0,283,0,24,2,0,0,0,293,0,65,287,0,0,0,0,0,0,0,0,0,0,0,0,0,0,0,0,0,0,0
AL1-P3_S29,1124,243,0,37,14,83,1058,0,639,0,0,0,0,111,0,0,784,0,0,0,0,0,0,47,0,8,0,0,0,0,30,0,13,0,0,0,0,0,0,0,0,0,0,0,0,0,0,0,0,0,0,0,0
AL1-P4_S30,7094,134,54,840,225,1144,4653,307,3122,0,0,0,0,2611,39,0,2361,0,0,0,69,44,0,659,0,16,37,0,4,5,188,8,83,182,0,0,0,0,0,0,0,0,0,0,0,0,0,0,0,0,0,0,0
AL1-P5_S31,6546,10,76,496,16,869,3310,229,3254,0,0,0,0,3278,7,0,3129,3,0,0,20,27,0,216,0,0,5,0,0,58,195,0,104,133,0,0,0,0,0,0,0,11,0,0,0,0,0,0,0,0,0,0,0
AL1-P6_S32,7171,265,113,237,11,290,2758,154,2916,0,0,0,0,3747,4,0,3752,0,0,0,6,243,0,243,0,23,0,0,0,113,331,0,100,68,0,0,0,0,0,0,0,24,0,0,0,0,0,0,0,0,0,0,0
AR1-P1_S98,10166,624,509,2283,228,2189,6599,546,7629,151,0,0,0,2325,246,0,2653,17,0,0,266,463,84,2932,0,19,191,0,19,417,27,98,33,103,0,0,22,4,0,0,0,0,0,0,0,6,0,0,0,0,0,0,0
AR1-P2_S99,9622,888,566,2410,195,3076,5306,654,9401,323,6,0,0,2576,610,7,2979,80,0,45,540,1091,264,1714,0,20,93,0,0,981,57,30,0,40,0,0,19,0,8,0,0,0,67,0,0,9,0,0,0,0,0,0,0
AR1-P4_S100,7169,279,366,1386,139,3263,10930,2602,7900,910,0,0,0,1695,117,0,887,0,0,0,164,737,114,690,3,12,89,0,0,91,9,0,13,45,0,0,0,0,28,0,0,128,28,0,0,0,0,0,0,0,0,0,0
AR1-P5_S101,10865,221,202,2156,319,2404,8617,955,5574,518,0,0,0,2732,18,0,2049,32,0,0,191,277,103,3260,0,14,238,0,0,33,0,221,35,91,0,0,6,2,0,0,0,4,0,0,0,0,0,0,0,0,0,0,0
AR1-P6_S102,11760,741,256,1605,125,2972,6240,440,10267,748,0,0,0,2299,617,0,2044,27,0,0,415,894,160,2133,5,23,68,0,0,295,0,20,0,83,0,3,12,0,68,0,0,153,232,0,0,0,0,5,0,0,0,0,0
CO1-P1_S42,7694,129,244,1813,370,3627,18012,1197,6502,674,0,0,0,3095,67,0,1697,20,0,0,542,0,0,2191,4,9,15,0,37,32,4,51,0,66,0,0,10,0,0,0,0,79,0,0,0,0,0,0,0,0,0,0,0
CO1-P2_S43,8969,461,359,2368,440,2511,11000,1633,8444,442,0,0,0,2885,134,8,2875,36,0,0,517,50,46,4419,7,12,75,0,21,90,31,212,0,89,0,0,6,0,0,0,0,0,0,0,0,0,0,0,0,0,0,0,0
CO1-P3_S44,10862,1014,227,2586,613,3166,12231,1165,4507,320,0,0,0,1987,33,0,1689,0,0,0,374,0,14,3634,0,32,80,0,0,0,0,177,0,103,0,0,2,0,0,0,0,0,0,0,0,0,0,0,0,0,0,10,0
CO1-P4_S45,10155,880,325,2360,650,2499,12136,861,4702,445,0,17,0,2045,39,0,1554,4,0,0,308,21,11,3907,9,18,47,0,23,43,35,83,11,51,0,0,0,0,0,0,0,0,0,0,0,0,0,0,0,0,0,10,0
CO1-P5_S46,4383,453,102,1027,242,2436,11974,2461,3456,734,0,0,0,1050,8,0,522,0,0,0,304,0,17,956,0,3,5,0,13,0,0,49,0,32,0,0,0,0,0,0,0,0,0,0,0,0,0,0,0,0,0,0,0
CO1-P6_S47,8145,227,102,1792,118,3798,12404,4155,6944,551,0,0,0,1947,73,11,1411,7,0,0,391,9,61,2361,0,3,68,0,0,406,7,64,3,59,0,0,7,0,0,0,0,6,0,0,0,0,0,0,0,5,0,0,0
IA1-P1_S1,8810,925,299,2761,267,5500,11909,1851,10011,257,0,0,0,3079,366,0,4037,32,0,0,157,984,18,1983,7,17,47,0,14,58,13,2,0,345,0,0,0,0,20,0,0,271,90,0,0,0,2,0,0,0,0,0,0
IA1-P2_S9,4587,483,99,467,54,1256,5230,637,2923,52,0,0,0,1468,88,0,1867,0,0,0,62,214,0,437,0,0,14,0,0,24,0,0,0,174,0,0,0,0,0,0,0,48,0,0,0,0,0,0,0,0,0,0,0
IA1-P3_S10,3786,143,111,993,19,1910,5978,1080,3097,47,0,0,0,1351,114,0,2041,6,0,0,78,485,0,472,0,0,2,0,13,0,0,0,0,66,0,0,0,0,0,0,0,0,6,0,0,0,0,0,0,0,0,0,0
IA1-P4_S11,4577,308,54,701,15,1348,6970,322,3053,52,0,0,0,1134,10,0,3030,0,0,0,125,356,0,484,0,10,0,0,13,0,0,25,4,93,0,0,0,0,0,0,0,39,5,0,0,0,0,0,0,0,0,0,0
IA1-P5_S12,4584,311,29,471,23,845,5892,305,2631,73,0,0,0,683,15,0,1500,0,0,0,93,77,15,1104,0,3,16,0,0,0,0,0,0,12,0,0,0,0,0,0,0,46,0,0,2,0,0,0,0,0,0,0,0
IA1-P6_S13,3460,221,139,448,45,760,3502,317,2799,26,0,0,0,848,212,0,2139,0,0,0,44,479,0,632,0,2,4,0,6,44,0,8,5,14,0,0,0,0,0,0,0,66,0,0,0,0,0,0,0,0,0,0,0
IL1-P1_S75,9561,902,438,1407,184,3311,12059,812,8704,38,0,0,0,3755,275,0,2816,23,0,16,217,154,6,755,5,7,57,0,19,338,169,32,17,111,0,0,5,0,0,0,0,0,0,0,0,0,0,0,0,0,0,0,0
IL1-P2_S76,8175,1698,304,1067,424,3112,8557,658,6779,17,0,0,0,1755,146,0,2058,38,0,0,170,120,150,684,0,18,38,0,6,520,127,0,8,197,0,0,3,0,0,0,0,27,0,0,0,0,0,0,0,9,0,0,0
IL1-P3_S77,7027,873,395,1140,110,3466,9465,1025,8522,11,0,0,0,2412,80,0,2449,19,0,0,166,180,63,473,0,23,30,0,0,194,207,0,47,324,2,0,4,0,0,0,0,12,0,0,0,0,0,0,0,0,0,0,0
IL1-P4_S78,8044,1929,184,1042,246,3206,7443,1518,7019,9,0,0,0,2146,59,0,2993,19,0,18,160,163,122,559,0,20,16,0,0,378,206,0,25,143,0,0,0,0,0,0,0,33,0,0,0,0,0,0,0,0,0,0,0
IL1-P5_S79,8656,4941,268,756,164,1753,7244,1666,5831,3,0,0,0,1891,183,0,1731,0,0,0,131,172,84,685,0,12,45,0,4,236,119,0,9,100,0,0,5,0,0,0,0,13,14,0,0,0,0,0,0,0,0,0,0
IL1-P6_S80,4414,312,123,849,84,1865,3938,883,4533,0,0,0,0,825,24,0,1277,84,0,0,170,56,221,459,0,5,45,0,0,524,57,15,0,99,0,0,0,0,0,0,0,0,4,0,0,0,0,0,0,21,0,0,0
IN1-P1_S23,8305,575,640,3480,386,3828,6650,280,9747,0,8,0,0,5082,84,23,1752,27,0,118,845,779,172,2180,0,113,123,0,4,100,122,76,4,208,0,15,11,0,0,0,0,86,42,0,0,0,0,0,4,0,0,0,0
IN1-P2_S5,10190,1928,155,1910,307,2568,7845,613,6892,0,0,0,0,3574,113,0,2408,21,0,20,268,33,10,1336,0,15,61,0,0,154,0,13,22,130,0,30,0,0,0,0,0,0,29,0,0,0,0,0,0,0,0,0,0
IN1-P3_S24,8834,357,400,1665,226,2352,5903,1480,7374,5,0,0,8,3772,334,0,2422,0,0,30,364,231,31,1830,0,9,41,0,0,40,0,80,0,70,0,29,21,0,0,0,0,17,26,0,0,0,0,0,0,0,0,0,0
IN1-P4_S6,17045,3856,618,3198,563,3689,12845,648,11167,0,0,0,0,4681,64,0,3817,79,0,0,529,32,0,3101,0,0,134,0,0,49,55,141,47,602,0,9,0,0,0,0,0,0,0,0,26,0,0,0,0,0,0,0,0
IN1-P5_S25,6084,584,103,1318,147,1700,6031,264,6150,9,0,0,0,2934,204,0,1961,8,0,0,139,115,8,661,0,5,2,0,0,103,0,36,13,143,0,31,0,0,0,0,0,0,0,0,0,0,0,0,0,0,0,3,0
IN1-P6_S26,7162,438,263,1537,82,1529,3606,235,5558,3,0,0,0,2171,126,0,1409,11,0,0,150,162,0,628,0,3,21,0,0,73,46,8,30,199,0,4,2,0,0,0,0,0,0,0,0,0,0,0,0,0,0,0,0
KS1-P1_S103,10062,532,86,1069,224,1585,8921,1273,5145,422,0,0,0,1510,72,0,2558,10,0,0,309,389,15,2984,0,10,135,0,17,98,0,192,0,132,0,0,4,0,0,0,0,0,45,0,0,0,0,0,0,0,0,7,0
KS1-P2_S104,7062,593,53,1179,79,1417,9966,2026,4841,380,0,0,0,1597,53,2,3067,0,0,22,382,378,7,1394,0,6,23,0,29,159,0,30,0,112,0,0,3,0,0,0,0,120,58,0,0,0,0,0,0,0,0,0,0
KS1-P3_S105,5155,519,23,866,51,1301,9089,1489,3193,297,0,0,0,1483,104,0,2867,0,0,0,184,321,0,1037,0,0,7,0,29,93,0,22,0,74,0,0,0,0,0,0,0,45,0,0,0,0,0,0,0,0,0,0,0
KS1-P4_S106,4404,465,188,598,77,1167,6180,1130,3962,312,0,0,0,1158,86,0,2655,5,0,0,132,198,10,985,0,3,13,0,17,206,0,0,3,24,0,0,0,0,0,0,0,0,14,0,0,0,0,0,0,0,0,0,0
KS1-P5_S107,4993,473,47,835,28,931,5891,686,4800,244,0,0,0,1133,148,0,1910,0,0,13,163,265,13,1553,0,0,11,0,18,109,0,15,7,86,0,0,0,0,0,0,0,239,45,0,0,0,0,0,0,0,0,3,0
KS1-P6_S108,4124,172,85,524,33,831,3589,562,4347,156,0,0,0,850,72,0,2285,0,0,0,133,214,0,829,6,16,8,0,11,127,0,0,0,41,0,0,0,0,0,0,0,77,0,0,0,0,0,0,0,0,0,2,0
KS2-P1_S121,7786,2717,65,901,365,1995,8265,256,3324,392,2,0,0,1194,42,0,910,0,0,0,199,97,23,1947,0,7,27,0,2,0,11,11,4,157,0,0,2,0,0,0,0,73,0,0,0,0,0,0,0,0,0,0,0
KS2-P2_S122,5377,941,27,783,36,2181,8140,256,4343,514,0,0,0,1551,69,0,867,0,0,0,489,229,47,650,0,7,2,0,0,3,9,13,9,171,0,0,0,0,0,0,0,251,0,0,0,0,0,0,0,0,0,0,0
KS2-P3_S123,6286,925,77,1281,81,1668,4792,409,5284,557,0,0,0,1348,82,0,872,0,0,3,342,225,72,1595,0,6,0,0,0,20,14,14,0,108,0,0,2,0,0,0,0,235,0,0,0,0,0,0,0,0,0,0,0
KS2-P4_S124,6488,966,115,575,336,1404,4762,2056,4262,594,0,0,0,974,26,0,843,0,0,0,402,181,13,1597,0,3,44,0,6,9,0,0,6,39,10,0,2,0,0,0,0,138,38,0,0,0,0,0,0,0,0,5,0
KS2-P5_S125,5694,695,45,672,115,1271,4422,148,4582,585,0,0,0,731,63,0,728,15,0,0,345,199,83,1371,0,16,51,0,0,15,0,7,0,26,2,0,0,0,0,0,0,166,13,0,0,0,0,0,0,0,0,0,0
KS2-P6_S126,4641,875,51,681,201,848,6211,401,3325,1040,0,2,0,875,71,0,632,0,0,0,228,284,86,1123,0,0,16,0,0,10,0,0,0,73,0,0,0,0,10,0,0,191,0,0,0,0,0,0,0,0,0,14,0
LA1-P1_S54,6939,602,92,970,75,1839,6753,590,5248,0,3,0,0,2546,122,0,2357,45,0,0,237,93,21,669,0,19,38,0,15,139,67,0,129,170,0,0,9,0,0,0,0,0,0,0,0,0,0,0,0,0,0,0,0
LA1-P2_S55,7778,627,100,1320,90,1953,3365,218,6218,0,6,0,0,3601,112,0,2185,54,0,29,98,5,7,701,0,34,78,0,5,202,217,0,210,212,0,0,0,0,0,0,0,0,0,0,0,0,0,0,0,0,0,0,0
LA1-P6_S56,7434,3139,117,1063,71,1856,6172,371,4640,49,0,4,0,2096,126,0,1701,47,0,0,82,185,142,306,0,22,29,0,0,591,0,22,40,70,0,0,5,0,0,0,0,15,0,0,0,0,0,0,0,0,0,0,0
MI1-P1_S14,4407,314,117,399,180,2282,1483,307,3533,38,0,13,185,1534,137,34,943,86,0,12,72,870,133,367,0,46,16,0,2,299,77,23,0,15,0,0,2,0,0,0,0,0,24,0,0,0,0,0,0,0,0,0,0
MI1-P2_S15,4740,310,137,744,76,2563,1138,481,4367,81,0,0,125,1766,215,24,1007,18,0,10,161,708,97,211,0,26,17,0,0,520,25,28,22,148,0,0,0,0,44,0,0,0,0,76,0,0,0,0,0,0,0,0,0
MI1-P3_S16,6009,357,182,721,35,1101,1567,226,2997,0,0,0,8,1081,5,4,1072,16,0,0,129,165,0,710,0,39,42,0,0,155,0,0,0,89,0,0,0,0,0,0,0,0,0,9,0,0,0,0,0,4,0,0,0
MI1-P4_S17,13748,790,183,1571,458,2996,4591,1288,5278,91,9,24,191,2828,49,31,1791,33,7,35,263,327,99,1934,0,55,98,0,0,997,0,8,0,150,0,6,21,4,28,0,0,22,47,0,0,0,0,0,0,0,0,0,0
MI1-P5_S2,5282,550,249,885,149,2103,3667,1063,3924,449,16,0,131,2581,36,5,1872,41,0,17,245,761,22,381,0,31,116,27,15,414,96,0,0,215,0,0,14,0,0,0,0,162,11,7,21,0,0,0,0,0,0,0,4
MI1-P6_S18,10366,1655,334,2027,126,3631,4027,574,4900,36,0,27,184,2714,77,86,1393,0,0,4,286,443,116,1429,0,25,100,0,0,625,33,26,31,278,0,0,0,0,9,2,0,0,17,23,0,0,4,0,0,0,0,0,0
MN1-P1_S145,8341,251,74,1360,92,2154,6402,345,4778,384,0,0,0,1761,77,0,1948,0,0,0,129,410,0,2257,0,0,66,0,0,22,0,142,0,61,0,0,0,0,0,0,0,146,30,0,0,0,0,0,0,0,0,0,0
MN1-P2_S146,7574,405,127,1216,80,2366,6693,230,6756,462,0,0,0,1905,236,19,2093,21,0,0,281,317,18,2150,0,4,39,0,0,0,16,27,0,67,0,0,3,0,0,0,0,452,179,0,0,0,0,0,0,0,0,0,0
MN1-P3_S147,8828,521,60,925,143,2269,7205,641,5431,470,0,0,0,2376,167,0,1807,0,0,0,165,800,19,2011,0,0,114,0,6,73,0,51,0,112,0,0,12,0,0,0,0,330,166,0,0,0,0,0,0,0,0,0,0
MN1-P4_S148,7976,350,68,771,46,1885,7588,454,4931,470,0,0,0,2091,253,0,1574,8,0,0,119,686,16,975,0,3,74,0,0,0,0,77,3,74,0,0,0,0,0,0,0,419,169,0,0,0,0,0,0,0,0,0,0
MN1-P5_S149,7130,532,52,839,34,1755,8610,627,5397,385,0,0,0,2106,194,0,1361,6,0,0,117,1150,31,722,0,0,22,0,0,95,0,62,0,83,0,0,3,0,0,0,0,321,159,0,0,0,0,0,0,0,0,0,0
MN1-P6_S150,7308,304,51,1322,104,1407,5235,177,6415,564,0,0,0,1918,165,20,2052,28,0,0,207,729,21,1473,0,0,100,0,13,26,18,50,0,21,0,0,6,0,0,0,0,334,313,0,0,0,0,0,0,0,0,0,0
MO1-P1_S87,6610,369,122,1020,152,2549,8910,728,5377,9,0,0,0,2436,85,0,3762,10,0,0,197,167,35,1079,0,28,12,0,0,105,16,0,12,86,12,0,7,0,0,0,0,17,0,0,0,0,0,0,0,0,0,0,0
MO1-P2_S88,5958,263,97,642,93,2007,6680,974,5457,11,0,0,0,2335,59,0,3703,7,0,10,152,399,60,268,12,11,6,0,0,360,55,0,0,70,0,0,0,0,0,0,0,31,15,0,0,0,0,0,0,0,0,0,0
MO1-P3_S89,8061,394,186,1416,281,3480,8304,328,7039,0,0,0,0,2869,195,0,3802,25,0,0,180,336,49,898,0,37,79,0,0,722,17,0,11,140,13,0,5,0,0,0,0,3,23,0,0,0,0,0,0,0,0,0,0
MO1-P4_S90,6990,386,136,1293,49,3145,6167,843,6423,0,0,0,0,2970,218,0,3760,21,0,26,201,403,48,483,0,17,38,0,0,752,38,0,23,220,22,4,0,0,0,0,0,0,20,0,0,0,0,0,0,0,0,0,0
MO1-P5_S7,6999,375,174,1078,122,3149,7328,412,5168,0,0,0,0,2838,187,0,3408,57,0,0,190,358,44,598,0,6,15,0,0,365,0,0,0,172,0,0,2,0,0,0,0,32,11,0,0,0,0,0,0,0,0,0,0
MO1-P6_S91,8169,768,167,1119,307,3388,8720,404,6160,4,0,0,0,2852,82,0,2825,0,0,0,225,250,62,797,0,11,21,0,4,215,10,9,5,119,0,0,0,0,0,0,0,0,0,0,6,0,0,0,0,0,0,0,0
MS1-P1_S33,9473,1141,347,1625,121,2607,4818,1190,6281,19,0,0,0,2454,346,0,2209,0,0,9,275,85,6,1447,0,11,234,0,12,72,12,9,36,285,0,0,0,0,0,0,0,18,35,0,0,0,0,0,0,0,0,3,0
MS1-P2_S34,7899,944,518,1736,99,2375,4988,366,7256,7,17,0,0,4016,32,20,2088,6,0,0,177,19,0,1074,0,52,150,0,0,394,138,0,43,619,0,0,0,0,0,0,0,0,0,0,0,0,0,0,0,0,0,0,0
MS1-P3_S35,10252,448,302,2160,169,3169,5630,280,5321,0,0,0,0,3177,235,0,2062,38,0,0,303,0,0,1502,0,43,11,0,0,6,20,24,42,571,0,16,0,0,16,0,0,8,0,0,0,0,0,0,0,0,0,0,0
MS1-P4_S36,11971,830,222,1313,89,949,4134,382,6804,49,0,0,0,3640,50,0,2537,44,0,0,370,64,13,779,0,142,305,0,0,142,144,0,66,158,0,26,15,0,8,0,0,0,28,0,0,0,0,0,0,0,0,0,0
MS1-P5_S37,9045,391,185,1420,159,2071,4420,232,5311,0,0,0,0,2484,16,17,2259,36,0,0,103,41,0,1203,0,5,43,0,0,996,11,0,657,306,0,0,0,0,0,0,0,0,0,0,0,4,0,0,0,0,0,0,0
MS1-P6_S38,12839,461,316,2183,540,3258,5326,272,6795,0,0,0,0,2829,198,42,2484,142,0,0,337,179,0,1247,10,51,223,0,0,702,16,32,33,314,0,0,0,0,0,0,0,12,21,0,0,0,0,0,0,0,0,0,0
MT1-P1_S133,8617,2607,37,1142,547,1760,7354,322,3271,78,0,0,0,1554,0,0,932,0,0,0,428,126,9,1399,0,0,21,0,0,7,0,9,9,204,0,0,0,0,30,0,0,14,5,0,0,0,0,0,0,0,0,0,0
MT1-P2_S134,7900,1014,99,1559,292,1579,8048,341,3695,383,0,0,0,1214,32,0,967,7,0,0,300,66,0,1275,10,0,25,0,6,11,0,68,0,115,0,0,2,0,0,0,0,0,7,0,0,0,0,0,0,0,0,0,0
MT1-P3_S135,7338,1735,230,1415,121,1611,6258,695,3760,543,0,0,0,1863,4,0,1053,11,0,0,326,335,0,2141,0,25,39,0,4,0,8,16,5,131,0,0,0,0,0,0,0,71,0,0,0,0,0,0,0,0,0,0,0
MT1-P4_S136,6068,1962,23,1416,40,2142,6417,812,3396,74,0,0,0,1651,42,0,509,0,0,0,334,77,3,1086,7,32,40,0,0,45,29,22,0,108,0,10,0,0,0,0,0,0,0,0,0,0,0,0,0,0,0,0,0
MT1-P5_S137,10747,912,146,2467,191,2598,10075,486,5122,291,0,0,0,2194,15,0,1531,18,0,0,252,13,53,3463,0,14,50,0,21,24,0,52,22,273,0,8,6,0,0,0,0,0,0,0,0,0,0,0,0,0,0,0,0
MT1-P6_S138,8622,890,313,1981,572,2335,9525,312,5523,75,0,0,0,1828,28,0,1611,11,0,0,396,64,0,2753,8,31,80,0,16,20,0,179,0,121,0,0,0,0,0,0,0,8,39,0,0,0,0,0,0,0,0,0,0
NC_S8,140,60,0,18,0,23,82,0,23,0,0,0,0,42,8,0,7,0,0,0,2,0,0,24,0,0,0,0,0,9,0,0,0,7,0,0,0,0,0,0,0,0,0,0,0,0,0,0,0,0,0,0,0
NC1-P1_S63,8661,364,5,1058,36,549,3637,480,2605,0,0,0,0,1685,55,0,1943,0,0,35,150,102,0,1534,0,6,14,0,0,32,18,0,0,6,0,0,0,0,0,0,0,19,21,0,0,0,0,0,0,0,0,0,0
NC1-P2_S64,4409,623,200,780,13,1058,1761,317,3664,15,0,0,0,2143,446,2,2204,10,0,39,220,705,25,562,0,4,82,0,0,25,52,0,0,31,0,0,9,0,10,0,0,77,87,0,0,0,0,0,0,0,0,0,0
NC1-P3_S65,8760,673,241,1540,128,4107,8315,1162,6134,7,0,0,0,5615,174,8,2918,4,0,6,461,635,7,583,0,48,16,0,0,105,33,12,0,241,0,31,16,0,0,0,0,32,29,0,0,0,0,0,0,0,0,3,0
NC1-P4_S66,16379,3039,569,2781,252,4842,11862,3076,8744,81,0,0,0,7186,560,35,4770,29,0,41,863,1223,44,2425,0,59,84,0,13,269,28,42,11,306,0,21,22,0,16,0,0,124,165,29,0,0,0,0,0,0,0,0,0
NC1-P5_S67,15756,1538,270,1789,50,2583,5190,636,6942,0,0,0,0,5070,337,4,3096,28,0,19,430,588,11,1011,6,10,87,0,10,234,19,0,11,90,0,26,19,0,0,0,0,46,58,0,0,0,0,0,0,0,0,0,0
NC1-P6_S68,9706,705,259,1345,56,2260,4863,718,5966,16,2,0,0,3842,435,41,3177,22,0,28,278,682,19,1349,0,24,66,0,0,115,0,0,6,191,0,0,9,0,0,0,0,48,17,0,0,0,0,0,0,0,0,0,0
ND1-P1_S139,11145,603,189,2052,161,3336,7005,627,7954,730,0,22,55,2736,411,24,2135,12,0,0,262,354,37,3459,0,0,32,0,0,193,0,41,0,157,0,0,4,0,0,0,0,217,84,0,0,5,0,0,0,0,0,0,0
ND1-P2_S140,7515,432,107,1535,263,2749,5971,577,6275,586,0,14,17,1793,375,49,1172,0,0,0,240,429,35,1971,0,3,109,0,0,41,0,64,4,138,0,0,0,0,0,0,0,170,70,0,0,0,0,0,0,0,0,0,0
ND1-P3_S141,5584,882,33,1009,136,1924,9093,501,3893,672,0,0,0,1133,110,15,641,0,0,0,250,234,51,1627,0,6,13,0,8,23,0,35,0,8,0,0,0,0,0,0,0,0,38,0,0,0,0,0,0,0,0,0,0
ND1-P4_S142,11278,44,89,2013,120,4577,11520,2474,8703,929,0,0,0,5695,397,12,1878,0,0,0,454,890,86,2791,0,4,224,0,9,29,0,86,0,201,0,0,0,0,13,0,0,330,74,0,0,0,0,0,0,0,0,0,0
ND1-P5_S143,8321,321,51,1309,123,2724,10180,1046,5422,712,0,20,10,2826,155,9,1107,0,0,0,263,512,26,1633,0,0,12,0,31,32,0,18,0,138,0,0,0,0,0,0,0,313,61,0,0,0,0,0,0,0,0,0,0
ND1-P6_S144,8312,382,51,1136,181,2982,7921,1259,5037,552,0,6,0,2481,115,8,594,0,0,17,370,693,33,1651,0,2,45,0,16,68,0,26,0,67,0,0,0,0,0,0,0,185,97,0,0,0,0,0,0,0,0,0,0
NE1-P1_S109,5276,306,302,1208,95,1378,6351,772,4160,89,0,0,0,1108,104,0,1569,9,0,0,198,217,13,1232,0,5,5,0,5,0,0,12,0,157,0,0,0,0,0,0,0,109,0,0,0,0,0,0,0,0,0,3,0
NE1-P2_S110,4119,344,152,673,0,1221,5910,1168,4290,115,0,0,0,1230,57,0,2075,0,0,0,185,275,13,409,0,12,16,0,13,16,0,0,0,27,0,0,0,0,0,0,0,85,5,0,0,0,0,0,0,0,0,0,0
NE1-P3_S111,1149,297,14,107,15,43,539,269,425,29,0,0,0,50,18,0,479,0,0,0,45,30,0,141,0,4,29,0,0,0,0,5,4,0,0,0,0,0,0,0,0,0,0,0,0,0,0,0,0,0,0,0,0
NE1-P4_S112,1780,106,55,374,0,283,2204,465,1742,0,0,0,0,261,16,0,782,0,0,0,0,171,0,157,0,0,0,0,0,32,0,0,0,18,0,0,0,0,0,0,0,0,0,0,0,0,0,0,0,0,0,0,0
NE1-P5_S113,7413,1067,285,986,225,1663,8434,1747,4540,156,0,0,0,1681,132,0,2755,0,0,0,286,619,12,1359,0,0,45,0,0,137,12,0,4,267,0,0,0,6,0,0,0,67,13,0,0,0,0,0,0,0,0,0,0
NE1-P6_S114,7235,468,165,1333,169,2160,7136,914,5459,139,0,0,0,2138,117,0,3144,14,0,0,269,544,21,1346,0,12,60,0,0,40,0,111,0,282,0,0,2,0,0,0,0,153,0,0,0,0,0,0,0,0,0,0,0
NE2-P1_S127,6338,553,31,877,186,2073,7292,306,4165,102,0,0,0,1585,51,0,898,12,0,0,289,76,0,1528,0,0,38,0,12,0,0,0,0,59,0,0,0,0,0,0,2,0,0,0,0,0,0,0,0,0,0,0,0
NE2-P2_S128,5785,701,107,647,94,1826,6841,1049,3329,0,0,0,0,825,106,0,871,0,0,0,215,81,0,1409,0,17,27,0,47,0,0,24,0,78,9,0,0,0,0,0,0,42,0,0,67,0,0,0,0,0,0,0,0
NE2-P3_S129,6031,486,127,1201,162,2089,6537,585,5902,133,0,0,0,2134,191,0,641,14,0,0,360,660,0,776,0,8,4,0,7,0,0,4,0,91,11,0,0,0,0,0,0,70,52,0,0,0,0,0,0,0,0,0,0
NE2-P4_S130,5373,405,17,1048,54,2484,11297,281,6862,698,0,0,0,1925,85,0,590,0,0,0,311,413,35,806,0,0,26,0,0,16,33,14,0,168,0,0,7,0,0,0,0,178,0,0,0,0,0,0,0,0,0,0,0
NE2-P5_S131,5816,367,52,978,318,2326,10897,261,5750,675,0,0,0,1550,14,0,424,25,0,0,362,140,98,1393,0,0,54,0,5,6,0,11,9,111,0,0,0,0,0,0,0,150,0,0,0,0,0,0,0,0,0,0,0
NE2-P6_S132,7649,1392,180,952,410,1984,8205,859,3375,0,0,0,0,1383,70,0,1025,30,0,0,296,80,0,1536,0,0,29,0,6,7,6,0,0,62,0,0,0,0,0,0,0,20,35,0,0,0,0,0,0,0,0,0,0
NM1-P2_S39,9619,777,127,1125,438,2426,11049,558,5261,1329,0,0,0,1569,5,0,669,12,0,0,490,39,137,2039,14,0,34,0,0,14,0,27,0,152,0,0,0,0,0,0,0,30,0,0,11,0,0,0,0,0,0,18,0
NM1-P3_S40,11112,1954,97,1122,791,2240,8564,481,4398,527,4,0,0,1341,12,0,753,20,0,0,181,46,32,2400,0,3,71,0,0,7,0,35,0,155,0,0,0,0,0,0,0,38,0,0,0,0,0,0,0,0,0,16,0
NM1-P6_S41,13753,2590,105,1193,960,2148,10835,884,4908,448,0,0,0,1550,53,0,1229,0,0,0,198,86,16,2983,4,17,22,0,6,0,0,6,3,197,0,0,0,0,0,0,0,9,0,0,0,0,0,0,0,0,0,0,0
OK1-P1_S48,9981,4045,103,1341,636,2190,5444,30,5837,193,0,0,0,1624,41,0,1318,8,0,0,973,285,24,2259,0,0,192,0,7,12,0,145,7,235,0,0,5,0,0,0,0,56,20,0,0,0,0,0,0,0,0,10,0
OK1-P2_S49,10060,1878,270,1263,316,1929,6744,250,4046,371,0,0,0,1739,0,0,1649,0,0,7,584,109,27,2885,0,0,124,0,0,10,0,80,30,120,0,0,9,0,11,0,0,24,0,0,0,0,0,0,0,0,0,0,0
OK1-P3_S50,9689,1658,63,1611,463,2535,7573,128,6688,539,0,0,0,1884,11,0,1436,18,0,0,686,175,72,2105,0,4,18,0,15,0,0,48,25,129,7,0,0,0,31,0,0,28,12,0,0,0,0,0,0,0,0,0,0
OK1-P4_S51,11448,1890,180,1531,185,3345,9291,5,5400,124,0,0,0,2554,83,0,1155,9,0,16,595,305,0,1203,0,0,29,0,0,30,0,16,23,222,0,0,0,0,0,0,0,108,34,0,0,0,0,0,0,0,0,0,0
OK1-P5_S52,8205,1567,58,760,225,1937,10335,141,3514,362,0,0,0,1814,48,0,801,6,0,11,550,309,12,1034,10,5,22,0,4,0,0,10,7,189,17,0,5,0,17,0,0,96,11,0,0,0,0,0,0,0,0,2,0
OK1-P6_S53,10400,2281,133,1258,420,2128,6416,141,4758,93,0,0,0,1863,19,0,1294,11,0,0,325,84,5,2352,0,20,100,0,13,6,0,89,0,260,5,0,6,0,0,0,0,40,0,0,0,0,0,0,0,0,0,0,0
SC1-P1_S92,12966,1755,320,1717,187,1542,3228,634,4572,19,11,0,0,3359,202,57,2826,76,0,0,577,53,0,3105,0,70,330,0,0,84,67,66,47,338,0,148,69,0,21,0,0,0,0,0,0,0,0,0,0,0,0,0,0
SC1-P2_S93,10950,741,119,1232,110,1168,4549,807,3308,46,0,0,0,3087,19,0,2660,12,0,0,124,149,0,1904,5,36,51,0,6,62,0,12,34,40,0,0,14,0,0,0,0,0,19,9,0,0,0,0,0,0,7,0,0
SC1-P3_S94,9897,2115,286,1343,489,2340,7152,1046,4127,260,0,0,0,3066,34,12,2291,25,0,0,444,222,27,1752,24,29,155,0,0,122,28,25,18,98,0,0,0,0,17,0,0,15,29,0,0,12,0,0,0,0,0,0,0
SC1-P4_S95,9212,1196,425,1569,142,3748,3628,229,7736,147,0,0,0,2565,208,0,2202,181,0,0,400,190,39,1204,0,36,48,0,0,90,137,0,125,358,33,0,0,0,23,0,0,0,10,0,0,0,0,0,0,0,0,0,0
SC1-P5_S96,9110,653,444,1910,477,2056,7736,517,5322,39,0,0,0,3654,0,6,1917,79,0,0,398,0,2,1907,10,75,58,0,7,23,0,18,80,247,0,81,0,0,0,0,0,0,0,0,0,0,0,0,0,0,0,0,0
SC1-P6_S97,9663,466,331,1078,219,2347,4374,339,4651,13,0,0,0,2705,105,0,2182,133,0,0,441,82,0,1580,0,76,81,0,0,0,177,11,19,312,11,74,0,0,0,0,0,0,0,0,0,0,0,0,0,0,0,0,0
SD1-P1_S115,6925,939,168,1049,501,1793,9196,331,7861,479,12,0,0,1811,0,0,1567,3,0,0,834,95,68,2213,27,3,185,0,0,76,60,92,13,96,0,0,3,0,23,0,0,155,0,0,0,0,0,0,0,0,0,5,0
SD1-P2_S116,7941,293,130,1221,423,1033,8857,858,5670,483,0,0,0,1775,27,0,1133,35,0,0,692,110,54,2602,41,14,85,0,8,30,0,162,12,100,0,0,10,0,0,0,0,128,10,0,0,0,0,0,0,0,0,3,0
SD1-P3_S117,6625,430,92,874,256,2745,7877,909,6203,610,0,0,0,1750,50,0,1447,0,0,0,361,119,0,1751,0,0,116,0,0,36,0,108,14,107,0,0,25,0,23,0,0,254,26,0,0,0,0,0,0,0,0,0,0
SD1-P4_S118,7569,633,277,840,185,2278,10527,510,7091,409,0,0,0,1031,33,0,1899,14,0,0,534,50,38,1300,0,0,103,0,0,0,5,48,17,130,0,0,6,0,0,0,0,137,0,0,0,0,0,0,0,0,0,16,0
SD1-P5_S119,6026,154,228,649,51,2101,10784,1285,6361,586,0,0,0,1636,0,0,1339,11,0,0,452,55,71,1339,0,3,74,0,2,29,0,62,0,221,0,0,0,0,0,0,0,49,0,0,0,0,0,0,0,0,0,23,0
SD1-P6_S120,6731,384,88,1014,150,2527,10376,1781,5383,614,0,0,0,1780,0,0,1392,0,0,0,466,198,29,1147,0,2,15,0,0,43,0,0,19,122,0,0,0,0,8,0,0,64,36,0,0,0,0,0,0,0,0,3,0
TX1-P1_S57,5286,630,177,1357,70,1387,3219,1437,3619,24,0,0,0,1585,36,0,2162,5,0,0,84,124,30,413,0,8,196,0,0,626,39,0,19,69,0,0,6,0,0,0,0,48,8,0,0,0,0,0,0,0,0,0,0
TX1-P2_S58,6843,676,116,1010,54,965,2854,1829,3810,0,0,0,0,2016,2,14,1304,14,0,0,37,37,0,462,0,7,23,0,0,561,48,9,29,110,0,0,0,0,0,0,0,0,16,0,0,0,0,0,0,0,0,0,0
TX1-P3_S59,5316,419,180,1165,40,1449,2901,1355,4507,0,0,0,8,1854,14,0,1899,86,0,0,44,307,67,214,0,5,208,0,0,326,55,21,44,122,0,3,0,0,0,0,0,0,6,0,0,0,0,0,0,0,0,0,0
TX1-P4_S60,4420,932,134,908,47,1406,1838,941,3193,0,6,0,0,1398,21,6,1793,26,0,0,81,226,75,266,0,0,182,0,0,351,67,16,13,130,0,5,6,0,0,0,0,0,13,0,0,4,0,0,0,0,0,0,0
TX1-P5_S61,9141,633,130,1086,85,1172,3457,719,3349,0,0,0,0,1976,12,80,1250,0,0,34,143,20,0,1309,0,12,73,0,0,487,0,30,0,64,0,4,9,0,0,0,0,0,23,0,0,0,0,0,0,0,0,0,0
TX1-P6_S62,5334,656,110,1345,91,1071,3038,1642,3412,19,0,0,0,1522,0,0,1218,38,0,0,60,136,8,394,0,2,21,0,0,554,63,23,17,109,0,0,11,0,0,0,0,15,9,0,0,0,0,0,0,0,0,0,0
TX2-P1_S69,8709,4884,124,1400,34,1853,4679,418,4923,13,0,0,0,3885,94,0,3805,0,0,120,97,573,0,389,0,10,33,0,0,409,0,0,2,72,0,0,0,0,0,0,0,184,74,0,0,0,0,0,0,0,0,0,0
TX2-P2_S70,10370,14071,35,452,269,712,4113,55,1793,13,0,0,0,1236,59,0,1698,0,0,4,37,63,0,697,0,0,2,0,0,121,29,5,0,14,0,0,3,0,0,0,0,0,0,3,0,0,0,0,0,0,0,2,0
TX2-P3_S71,10523,3996,107,1097,36,1302,11750,1164,2700,83,0,0,0,2775,26,0,2625,16,0,49,494,462,0,934,0,7,18,0,13,287,21,0,0,96,0,0,0,0,0,0,0,91,0,6,0,0,0,0,0,0,0,3,0
TX2-P4_S72,7892,956,158,749,102,1438,6266,569,3588,97,0,0,0,3663,23,0,3757,0,0,0,232,252,10,270,0,3,4,0,0,320,94,0,0,101,0,0,0,0,0,0,0,52,6,12,0,0,0,0,0,0,0,0,0
TX2-P5_S73,9888,8087,136,1374,106,1839,3249,153,4714,45,0,0,0,2829,44,21,4292,15,0,122,95,1264,160,435,0,13,25,0,3,371,52,0,0,66,0,0,0,0,0,0,0,147,147,41,0,0,0,0,0,0,0,0,0
TX2-P6_S74,12126,3352,45,1693,248,1780,6976,429,3037,0,0,0,0,3700,23,0,2777,19,0,101,154,761,33,1082,0,16,16,0,6,396,29,0,0,122,0,0,0,0,0,0,0,95,49,0,0,0,0,0,0,0,0,0,0
TX3-P1_S81,9379,7702,99,1391,185,2172,7898,516,5274,189,0,0,0,3073,97,41,1530,5,0,0,227,897,0,793,0,3,9,0,9,83,0,0,0,148,0,0,0,0,0,0,0,104,0,0,0,0,0,0,0,0,0,5,0
TX3-P2_S82,9343,4136,167,1649,334,2799,9413,762,6709,667,0,0,0,3404,198,16,1755,12,0,12,332,526,27,1044,0,3,12,0,7,94,0,0,0,143,0,0,4,0,13,0,0,115,85,0,0,0,0,0,0,0,0,0,0
TX3-P3_S83,8757,1601,72,1155,444,2227,7799,721,5355,391,0,0,0,2430,103,10,1388,4,0,6,295,372,35,1202,0,20,4,0,0,31,0,0,0,97,0,0,0,0,0,0,0,55,5,0,0,0,0,0,0,0,0,0,0
TX3-P4_S84,8761,6884,98,1310,411,2195,7539,442,4705,260,0,0,0,1809,75,12,1186,13,0,8,196,320,20,708,0,13,54,0,0,19,0,0,0,74,0,0,0,0,0,0,0,44,7,0,0,0,0,0,0,0,0,0,0
TX3-P5_S85,11843,3656,74,1348,613,2500,8081,401,5860,285,0,0,0,2697,130,0,1768,22,0,4,180,494,16,1834,0,9,134,0,0,24,0,4,0,120,0,0,0,0,0,0,0,24,15,0,0,0,0,0,0,0,0,5,0
TX3-P6_S86,9721,4801,13,1346,553,2096,9828,625,5511,304,0,0,0,1814,102,23,962,10,0,11,282,555,0,1026,0,0,46,0,0,29,0,12,4,188,0,0,0,0,0,0,0,38,72,0,0,0,0,0,0,0,0,0,0
WI1-P1_S19,340,0,56,72,0,223,582,157,360,68,0,0,0,199,0,0,127,0,0,0,10,0,13,67,0,0,9,0,0,0,0,0,0,15,0,0,0,0,0,0,0,0,0,0,0,0,0,0,0,0,0,0,0
WI1-P2_S20,7316,2857,401,1285,570,3205,9465,454,5665,67,0,0,0,2687,142,0,2005,168,0,6,192,131,0,1047,0,12,16,0,19,0,0,170,15,369,0,0,0,0,0,0,0,14,0,0,0,0,0,0,0,0,0,3,0
WI1-P3_S3,2915,248,174,682,85,1261,4488,1207,2926,225,7,0,0,1518,13,2,1780,52,0,12,235,189,21,236,16,9,68,0,24,42,0,0,0,272,13,21,0,0,7,0,0,67,19,0,0,0,0,0,0,0,0,5,0
WI1-P4_S4,10828,950,102,1379,1277,699,13102,1758,4212,22,0,0,0,2871,0,0,3352,0,0,0,605,66,0,2671,0,16,215,0,0,23,0,35,35,156,0,0,0,0,0,0,0,0,0,0,0,0,0,0,0,0,0,29,0
WI1-P5_S21,8802,2061,221,1359,366,2307,4713,396,6782,105,0,0,0,3317,32,22,2777,38,0,0,140,242,55,2036,0,5,170,0,0,65,38,21,0,497,0,0,0,0,0,0,0,27,0,0,0,0,0,0,0,0,0,0,0
WI1-P6_S22,7173,805,510,1277,485,3169,7701,414,4800,293,0,0,0,3663,106,0,2261,23,0,19,220,220,0,1201,0,17,10,0,0,9,16,0,12,218,0,2,0,0,0,0,0,36,0,0,0,0,0,0,0,0,0,0,0