SampleID,CA,GA,GC,CT,TA,CC,GG,CG,TG,GT,AT,AG,AC,TT,AA,TC
AL1-P1_S27,0,1,0,0,0,0,0,0,0,0,0,0,0,0,1,0
AL1-P2_S28,1,1,1,0,0,2,0,1,0,0,0,0,1,0,0,0
AL1-P3_S29,0,0,1,0,0,0,0,0,0,0,0,0,0,0,0,0
AL1-P4_S30,1,1,2,1,0,0,0,2,0,0,1,0,0,0,0,0
AL1-P5_S31,0,0,0,1,0,0,0,0,0,0,0,0,0,0,0,0
AL1-P6_S32,1,0,1,0,0,1,0,0,0,0,0,0,1,0,0,0
AR1-P1_S98,0,1,1,0,1,0,0,0,1,0,0,0,0,1,0,1
AR1-P2_S99,0,2,0,2,1,1,0,3,1,1,1,0,0,0,0,1
AR1-P4_S100,0,0,0,0,0,0,1,0,0,1,0,0,0,0,0,0
AR1-P5_S101,1,0,1,0,0,0,2,0,0,0,0,1,2,0,0,0
AR1-P6_S102,3,1,0,1,1,0,2,0,0,0,0,0,1,0,0,1
CO1-P1_S42,0,0,0,0,0,0,0,0,1,0,1,0,0,1,0,0
CO1-P2_S43,4,1,0,2,1,0,0,0,1,2,0,0,0,0,1,0
CO1-P3_S44,0,2,0,0,0,0,0,0,0,1,0,0,0,0,1,0
CO1-P4_S45,1,1,0,0,0,0,0,1,0,0,0,0,0,0,0,0
CO1-P6_S47,1,2,1,1,0,0,1,1,1,1,0,1,0,0,0,0
IA1-P1_S1,1,4,3,4,1,1,2,1,1,0,0,0,0,1,0,0
IA1-P2_S9,0,1,0,0,0,0,1,0,0,0,0,0,0,0,0,0
IA1-P3_S10,1,0,1,1,0,1,0,0,0,1,0,0,0,0,0,0
IA1-P4_S11,1,1,0,0,0,1,1,0,0,0,0,0,0,0,0,1
IA1-P5_S12,0,0,1,0,0,0,1,1,0,0,0,0,0,0,0,0
IA1-P6_S13,2,2,0,0,0,2,0,1,0,0,0,0,0,0,0,0
IL1-P1_S75,0,0,3,1,0,0,0,1,0,0,1,0,0,0,0,1
IL1-P2_S76,0,1,1,1,1,0,1,0,0,1,1,0,0,0,0,1
IL1-P3_S77,2,1,1,1,0,0,1,1,1,1,0,0,0,0,0,0
IL1-P4_S78,0,1,3,1,1,1,0,0,1,0,1,0,0,0,0,0
IL1-P5_S79,0,1,0,0,0,0,0,0,1,0,0,0,0,0,0,0
IL1-P6_S80,0,1,2,0,1,0,0,0,0,0,1,0,0,0,0,0
IN1-P1_S23,0,1,1,3,1,0,0,1,1,2,1,0,0,0,0,0
IN1-P2_S5,0,1,2,1,2,0,1,1,0,1,1,0,0,0,0,0
IN1-P3_S24,1,3,1,3,1,0,1,3,0,1,1,0,0,1,0,1
IN1-P4_S6,2,1,1,1,1,0,1,1,2,1,1,0,1,1,0,0
IN1-P5_S25,1,2,2,1,1,0,0,3,1,0,0,0,0,0,0,0
IN1-P6_S26,1,0,1,0,1,0,0,3,0,0,0,0,0,0,1,0
KS1-P1_S103,0,0,0,0,1,0,0,0,1,0,1,1,0,0,0,0
KS1-P2_S104,1,0,1,2,0,0,1,0,0,0,0,1,1,0,0,0
KS1-P3_S105,0,0,0,1,0,1,1,0,1,2,0,0,0,0,1,0
KS1-P4_S106,1,2,0,0,0,0,0,0,1,0,1,0,0,0,1,0
KS1-P5_S107,1,1,0,1,1,0,0,0,0,1,0,1,0,0,0,0
KS1-P6_S108,1,0,1,1,2,0,1,0,1,1,0,0,0,1,1,0
KS2-P2_S122,1,0,0,0,0,0,1,1,0,0,0,0,0,0,0,0
KS2-P3_S123,0,2,0,0,0,0,1,0,0,1,0,1,0,0,0,0
KS2-P4_S124,0,0,0,0,0,0,1,0,0,0,0,0,0,0,0,0
KS2-P5_S125,1,0,0,0,1,0,0,0,0,0,0,0,0,0,0,0
KS2-P6_S126,0,1,0,0,0,0,1,0,0,0,0,0,0,0,0,0
LA1-P1_S54,1,0,0,2,1,2,0,1,0,0,0,0,0,0,0,0
LA1-P2_S55,3,1,1,2,2,4,0,1,0,0,1,0,1,0,0,0
LA1-P6_S56,0,1,0,0,1,1,0,1,0,1,1,0,1,0,0,0
MI1-P1_S14,1,0,1,0,0,0,1,0,0,0,0,0,0,1,0,0
MI1-P2_S15,1,1,2,0,0,0,0,0,0,0,0,0,0,1,0,0
MI1-P3_S16,0,0,0,1,0,0,0,1,1,0,0,0,0,0,0,0
MI1-P4_S17,3,1,1,2,1,0,0,1,0,0,1,0,0,0,0,0
MI1-P5_S2,1,0,0,1,1,0,0,1,0,1,0,1,0,1,0,0
MI1-P6_S18,1,1,1,1,1,0,0,0,0,1,0,0,0,0,1,0
MN1-P1_S145,0,0,1,1,1,0,1,0,0,1,0,1,0,0,0,0
MN1-P2_S146,1,3,0,0,0,1,1,0,2,2,1,2,0,0,0,0
MN1-P3_S147,1,1,1,3,2,0,1,0,0,1,0,2,0,0,0,0
MN1-P4_S148,2,2,0,0,0,1,1,0,1,2,0,2,0,0,0,0
MN1-P5_S149,1,2,0,0,0,0,1,0,2,3,0,0,0,0,0,0
MN1-P6_S150,1,3,0,0,1,1,1,0,2,3,0,1,0,0,0,0
MO1-P1_S87,0,1,0,0,0,0,0,0,1,1,1,1,0,0,0,0
MO1-P2_S88,1,1,0,0,0,2,0,0,0,1,0,0,0,0,0,0
MO1-P3_S89,2,0,0,0,2,1,0,0,0,0,0,0,0,0,0,0
MO1-P4_S90,2,3,0,0,1,0,0,0,0,0,2,0,0,0,0,0
MO1-P5_S7,1,0,1,1,1,0,0,1,0,0,1,0,0,0,0,0
MO1-P6_S91,1,0,1,1,1,0,0,0,0,0,0,0,0,0,0,0
MS1-P1_S33,1,0,0,1,2,2,1,1,0,1,0,0,1,0,0,0
MS1-P2_S34,1,0,1,2,1,2,1,1,0,0,1,0,0,0,0,0
MS1-P3_S35,1,0,0,2,1,2,0,2,0,0,0,0,0,0,0,0
MS1-P4_S36,2,0,0,1,3,0,1,0,2,0,0,0,0,0,0,0
MS1-P5_S37,2,0,0,1,3,1,0,0,0,0,0,0,0,1,0,0
MS1-P6_S38,2,0,1,1,3,1,0,0,2,0,0,0,0,1,0,0
MT1-P1_S133,0,0,0,0,1,0,0,0,1,0,0,1,0,0,0,0
MT1-P2_S134,0,1,1,1,1,0,0,0,0,1,0,0,1,0,0,0
MT1-P3_S135,1,0,0,1,1,1,0,0,0,0,1,1,0,0,0,0
MT1-P4_S136,1,2,0,0,1,0,1,0,0,1,1,0,0,0,0,0
MT1-P5_S137,1,0,2,2,0,1,0,0,1,0,0,0,1,0,0,0
MT1-P6_S138,1,0,0,1,0,1,1,0,1,0,0,0,1,0,0,0
NC1-P1_S63,0,0,0,2,0,0,0,1,0,0,1,0,0,0,0,0
NC1-P2_S64,1,3,1,0,0,2,1,1,0,2,1,0,0,0,0,0
NC1-P3_S65,0,1,2,1,0,0,0,1,0,0,0,0,1,0,0,0
NC1-P4_S66,0,3,3,2,1,4,0,0,0,2,1,0,0,0,0,0
NC1-P5_S67,1,2,1,1,0,1,1,1,0,1,1,0,0,0,0,1
NC1-P6_S68,2,3,1,0,1,1,0,1,1,0,1,0,0,0,1,0
ND1-P1_S139,1,1,0,1,4,1,1,1,1,1,0,0,1,0,0,0
ND1-P2_S140,1,0,1,1,2,1,0,0,0,1,1,0,1,0,0,0
ND1-P3_S141,2,1,1,0,1,1,0,1,0,0,0,2,0,0,0,0
ND1-P4_S142,0,1,2,0,0,0,0,1,1,2,0,1,0,0,0,0
ND1-P5_S143,1,0,2,1,0,0,0,0,1,2,0,1,0,0,0,0
ND1-P6_S144,1,0,0,0,0,0,0,0,0,2,2,0,0,0,0,0
NE1-P1_S109,2,2,1,1,2,0,1,1,0,0,1,0,0,0,0,0
NE1-P2_S110,0,2,1,0,1,1,1,0,1,0,1,0,0,0,0,0
NE1-P3_S111,0,0,1,0,0,0,0,0,1,1,0,0,0,0,0,0
NE1-P4_S112,0,1,0,0,0,0,0,0,0,0,0,0,0,0,0,0
NE1-P5_S113,2,1,2,0,0,1,0,1,0,0,1,0,0,0,0,0
NE1-P6_S114,3,3,1,0,1,1,2,1,1,0,1,0,0,1,1,0
NE2-P1_S127,0,0,1,0,1,0,0,0,0,0,0,0,1,0,0,0
NE2-P2_S128,0,0,0,1,1,0,1,1,0,0,0,0,0,0,0,0
NE2-P3_S129,1,1,2,0,0,0,1,0,0,0,0,1,0,0,0,0
NE2-P4_S130,0,1,1,0,0,0,1,0,0,0,0,1,0,0,0,0
NE2-P5_S131,1,0,0,0,0,0,0,0,0,0,0,1,0,0,0,0
NE2-P6_S132,2,0,1,0,1,0,1,0,0,0,0,1,1,0,0,0
NM1-P2_S39,1,0,0,0,0,0,0,0,1,1,0,0,0,0,1,0
NM1-P3_S40,0,0,0,0,0,0,2,0,1,0,0,0,0,0,0,0
NM1-P6_S41,1,0,0,0,0,1,1,0,2,0,0,0,0,0,0,0
OK1-P1_S48,0,0,0,0,1,0,2,0,1,0,0,1,1,1,0,0
OK1-P2_S49,2,0,0,0,0,0,1,1,2,0,0,1,1,0,0,0
OK1-P3_S50,1,1,0,0,0,0,2,0,2,0,0,1,0,0,0,0
OK1-P4_S51,0,0,0,0,0,1,1,0,3,0,0,0,0,0,0,0
OK1-P5_S52,0,0,0,0,1,0,2,0,0,0,0,0,0,0,0,0
OK1-P6_S53,1,0,0,0,0,0,1,0,1,0,0,1,0,0,0,0
SC1-P1_S92,3,1,3,0,1,5,1,3,0,0,1,0,2,3,0,0
SC1-P2_S93,1,0,0,2,1,1,0,0,0,0,1,0,0,0,0,0
SC1-P3_S94,1,0,1,1,0,1,1,1,1,3,2,1,0,0,1,0
SC1-P4_S95,2,1,5,5,2,4,0,1,0,1,0,0,3,1,1,0
SC1-P5_S96,3,0,3,2,1,0,0,2,1,0,0,0,2,0,0,0
SC1-P6_S97,2,1,0,2,0,3,0,2,0,0,0,0,3,1,0,0
SD1-P1_S115,3,1,0,0,1,1,1,0,2,1,1,0,0,1,1,0
SD1-P2_S116,2,0,0,1,0,1,1,0,2,0,0,0,0,0,0,0
SD1-P3_S117,3,2,0,0,0,1,1,0,0,0,0,0,0,0,0,0
SD1-P4_S118,1,0,0,0,0,1,1,1,1,0,0,0,0,0,1,0
SD1-P5_S119,2,0,0,0,0,0,0,0,1,0,0,0,0,0,0,0
SD1-P6_S120,2,1,0,1,0,0,1,1,1,0,0,0,0,1,0,0
TX1-P1_S57,1,0,1,0,1,1,0,2,0,0,0,0,0,0,0,0
TX1-P2_S58,0,0,0,0,3,2,0,0,1,0,1,0,0,0,0,0
TX1-P3_S59,0,0,1,1,0,2,0,1,0,0,0,0,0,1,0,0
TX1-P4_S60,1,0,0,1,0,2,0,1,0,0,0,0,0,0,0,0
TX1-P5_S61,2,0,0,0,1,0,1,1,1,0,0,0,1,0,0,1
TX1-P6_S62,0,0,1,0,0,0,1,1,0,0,0,0,0,0,0,0
TX2-P1_S69,1,2,2,0,0,3,1,0,0,0,1,1,0,0,0,0
TX2-P2_S70,1,0,2,0,0,1,0,0,0,0,0,0,0,0,0,0
TX2-P3_S71,0,1,1,0,0,0,0,0,0,0,0,1,0,0,0,0
TX2-P4_S72,1,0,1,0,0,1,0,1,0,0,0,0,0,0,0,0
TX2-P5_S73,0,1,4,2,1,2,1,0,0,0,0,0,0,0,1,0
TX2-P6_S74,1,0,1,1,0,0,0,0,0,0,1,0,0,0,0,0
TX3-P1_S81,0,1,0,0,0,1,1,1,0,0,1,0,1,0,0,0
TX3-P2_S82,2,1,0,1,1,0,1,0,0,0,0,1,1,0,0,0
TX3-P3_S83,2,0,0,0,0,0,1,0,1,1,0,0,1,0,0,0
TX3-P4_S84,1,0,2,0,0,0,2,0,0,0,0,1,0,0,0,0
TX3-P5_S85,2,1,1,0,0,0,1,0,0,0,0,1,1,0,0,0
TX3-P6_S86,2,1,0,0,0,0,2,1,0,1,0,0,0,0,0,0
WI1-P1_S19,0,0,1,0,0,0,0,0,0,0,0,0,0,0,0,0
WI1-P2_S20,1,2,0,1,1,0,0,0,1,1,0,0,1,0,1,0
WI1-P3_S3,0,1,1,1,0,0,0,0,0,0,0,0,0,0,1,0
WI1-P4_S4,1,1,0,1,1,0,1,0,0,1,1,0,0,0,0,0
WI1-P5_S21,3,2,2,2,1,1,0,1,0,1,0,0,0,0,0,0
WI1-P6_S22,1,0,2,0,1,1,1,0,1,1,1,0,0,0,0,1