SampleID,GC,CA,GA,CC,CG,CT,GG,TG,GT,TA,AG,AT,AC,TT,AA,TC
AL1-P1-S1-16s_S25,0,0,1,0,0,0,0,0,0,0,0,0,0,0,0,0
AL1-P2-S1-16s_S26,0,0,0,0,0,1,0,1,0,0,0,0,1,0,0,0
AL1-P3-S2-16s_S27,1,0,0,0,0,1,0,0,0,1,0,1,0,0,0,0
AL1-P4-S1-16s_S28,1,0,0,0,0,0,0,0,0,0,0,1,0,0,0,0
AL1-P6-S1-16s_S30,1,0,0,0,0,0,0,0,0,0,0,1,0,0,0,0
CO1-P1-S1-16s_S42,0,1,0,0,0,1,0,0,0,0,0,0,0,0,0,0
CO1-P2-S1-16s_S43,0,1,2,0,1,1,0,0,1,0,1,0,0,0,0,0
CO1-P3-S1-16s_S44,0,0,1,0,0,0,0,1,0,0,1,0,0,0,0,0
CO1-P4-S1-16s_S45,0,1,0,0,0,0,0,1,1,1,1,0,0,0,0,0
CO1-P5-S1-16s_S46,0,1,0,0,0,0,1,1,0,0,1,0,0,0,0,0
CO1-P6-S1-16s_S47,0,0,0,1,0,1,0,1,1,0,2,0,0,0,0,0
IA1-P1-S1-16s_S1,2,0,1,1,0,2,0,0,0,0,0,0,0,0,0,0
IA1-P2-S1-16s_S2,1,0,1,0,2,1,1,0,0,0,1,0,0,0,0,0
IA1-P3-S1-16s_S3,1,0,2,0,0,1,0,1,0,0,0,0,0,0,0,0
IA1-P4-S1-16s_S4,0,1,2,1,2,0,1,0,1,0,0,0,0,0,0,0
IA1-P5-S1-16s_S5,0,2,1,1,0,1,1,0,2,0,0,0,0,0,0,1
IA1-P6-S1-16s_S6,0,0,0,2,0,0,0,0,2,1,1,1,0,0,0,0
IL1-P1-S1-16s_S78,0,1,0,1,1,0,0,0,0,0,0,0,0,1,0,0
IL1-P2-S1-16s_S79,0,1,0,1,1,0,1,0,0,0,0,0,0,0,0,0
IL1-P3-S1-16s_S80,0,1,1,0,1,0,1,1,0,1,0,0,0,0,0,0
IL1-P4-S1-16s_S81,2,0,0,0,1,1,0,0,0,0,0,1,0,0,0,0
IL1-P5-S1-16s_S82,0,1,0,0,1,0,0,0,0,0,0,0,0,0,0,0
IL1-P6-S1-16s_S83,2,0,0,0,0,0,0,0,0,0,0,0,0,0,0,0
IN1-P1-S1-16s_S19,1,1,1,0,1,0,0,2,0,0,0,1,0,0,1,0
IN1-P2-S1-16s_S20,1,0,0,0,1,0,1,0,0,0,0,0,0,0,0,0
IN1-P3-S1-16s_S21,1,1,1,0,2,1,0,0,0,1,0,0,0,0,0,0
IN1-P4-S1-16s_S22,0,1,0,0,0,0,0,0,0,0,0,0,0,0,0,0
IN1-P5-S1-16s_S23,0,1,0,0,1,1,1,0,1,0,0,1,0,0,0,0
IN1-P6-S1-16s_S24,1,0,1,0,0,0,1,0,0,0,0,0,0,0,0,0
KS1-P1-S1-16s_S109,0,0,2,0,1,0,1,0,1,1,0,0,1,1,0,0
KS1-P2-S1-16s_S110,1,1,1,0,0,0,0,0,0,1,0,0,0,0,1,0
KS1-P3-S1-16s_S111,0,0,0,0,0,0,0,0,1,0,0,0,0,0,0,0
KS1-P4-S1-16s_S112,0,0,3,0,0,1,0,1,0,0,0,0,0,0,1,0
KS1-P5-S1-16s_S113,2,2,3,1,0,1,1,1,1,1,0,0,0,0,0,0
KS1-P6-S1-16s_S114,0,0,0,0,0,1,0,0,0,1,0,1,0,0,2,0
KS2-P2-S1-16s_S128,0,0,0,1,0,0,0,0,0,0,0,0,0,0,0,0
KS2-P3-S1-16s_S129,0,1,0,0,0,0,0,0,0,1,0,0,0,0,0,0
KS2-P4-S1-16s_S130,0,0,0,0,0,0,0,1,0,0,0,0,0,0,0,0
KS2-P5-S1-16s_S131,0,1,0,0,0,0,0,0,0,0,0,0,0,0,0,0
LA1-P1-S1-16s_S54,4,0,1,0,1,4,0,0,1,0,0,0,0,0,0,0
LA1-P2-S1-16s_S55,0,0,0,1,2,0,0,1,0,0,0,2,0,0,0,0
LA1-P3-S1-16s_S56,3,0,1,0,1,2,0,0,0,1,0,0,0,0,0,0
LA1-P4-S1-16s_S57,1,0,1,0,0,0,0,0,1,0,0,0,0,0,0,0
LA1-P5-S2-16s_S58,4,0,0,1,2,1,0,0,1,0,0,1,0,0,0,0
LA1-P6-S2-16s_S59,1,0,1,0,1,0,0,0,0,0,0,0,0,0,0,0
MI1-P1-S1-16s_S7,1,1,1,1,0,0,0,0,1,1,0,0,0,0,0,0
MI1-P2-S1-16s_S8,1,0,1,0,0,0,1,0,2,0,0,0,0,1,0,0
MI1-P3-S1-16s_S9,1,0,0,0,1,0,0,1,0,1,0,0,0,1,0,0
MI1-P4-S1-16s_S10,0,1,0,1,0,0,0,0,0,0,0,0,0,0,0,0
MI1-P6-S2-16s_S12,1,1,0,0,0,0,0,0,1,0,0,0,0,0,0,0
MN1-P1-S1-16s_S151,0,1,0,1,0,0,1,1,2,0,0,0,0,0,0,0
MN1-P2-S1-16s_S152,1,1,0,0,0,1,0,0,0,0,0,0,0,0,0,0
MN1-P3-S1-16s_S153,0,0,1,0,0,1,0,0,0,0,1,0,0,0,0,0
MN1-P4-S1-16s_S154,0,0,2,0,0,1,0,0,0,1,1,0,0,0,0,0
MN1-P5-S1-16s_S155,0,1,1,1,0,0,0,1,0,1,1,0,0,0,0,0
MN1-P6-S1-16s_S156,0,0,2,0,0,0,0,0,1,0,0,0,0,0,0,0
MO1-P1-S1-16s_S90,1,1,3,0,1,1,0,0,0,0,0,0,0,0,0,0
MO1-P2-S1-16s_S91,1,0,1,1,1,1,0,0,0,0,0,0,0,0,0,0
MO1-P3-S1-16s_S93,0,2,0,0,1,0,0,0,1,1,0,0,0,0,0,0
MO1-P4-S1-16s_S94,2,0,0,0,0,0,0,0,0,0,0,0,0,0,0,0
MO1-P5-S1-16s_S95,1,0,0,0,1,0,0,0,1,0,0,1,0,0,0,0
MO1-P6-S1-16s_S96,1,0,0,1,1,0,0,1,0,0,0,0,0,0,0,0
MS1-P1-S1-16s_S31,0,0,0,0,1,0,0,0,1,0,0,0,0,0,0,0
MS1-P2-S1-16s_S32,0,0,0,0,1,0,0,0,0,0,0,0,0,0,0,0
MS1-P3-S1-16s_S157,0,0,0,0,0,0,0,1,0,1,0,0,0,0,0,0
MS1-P4-S1-16s_S33,0,0,0,2,0,1,0,0,0,0,0,0,0,0,0,0
MS1-P6-S1-16s_S35,0,1,0,0,1,1,0,1,0,0,0,0,0,0,0,0
MT1-P1-S1-16s_S139,0,1,0,0,0,0,0,1,0,0,1,0,0,0,0,0
MT1-P3-S1-16s_S141,0,2,0,1,0,0,0,1,0,0,0,0,0,0,0,0
MT1-P4-S1-16s_S142,0,1,0,1,1,0,0,0,1,0,0,0,0,0,0,0
MT1-P5-S1-16s_S143,1,0,1,0,0,0,0,1,0,0,0,0,0,0,0,0
MT1-P6-S1-16s_S144,0,0,0,0,0,0,1,0,0,0,0,0,0,0,0,1
NC1-P1-S1-16s_S66,1,1,2,2,1,2,0,1,0,2,0,1,0,0,0,0
NC1-P2-S1-16s_S67,2,1,4,5,1,1,0,0,2,0,0,1,0,0,0,0
NC1-P3-S1-16s_S68,0,0,1,0,1,0,0,0,1,0,0,0,0,0,0,0
NC1-P4-S1-16s_S69,0,0,0,3,1,1,0,1,1,1,0,1,0,0,0,0
NC1-P5-S1-16s_S70,3,2,1,0,1,1,1,1,1,0,0,1,0,0,0,0
NC1-P6-S1-16s_S71,2,1,0,2,1,0,0,0,2,2,1,0,0,0,0,0
ND1-P1-S1-16s_S145,0,2,1,0,1,0,0,0,0,1,0,0,0,0,0,0
ND1-P2-S1-16s_S146,0,1,1,0,0,0,0,0,0,1,0,0,0,0,0,0
ND1-P3-S1-16s_S147,0,0,0,0,0,0,0,0,0,0,1,1,0,0,0,0
ND1-P4-S1-16s_S148,0,1,0,0,0,0,0,0,0,0,0,0,0,0,0,0
ND1-P5-S1-16s_S149,1,0,0,0,1,0,0,0,2,0,1,0,0,0,0,0
ND1-P6-S1-16s_S150,0,1,1,0,0,0,0,0,0,0,1,1,0,0,0,0
NE1-P1-S1-16s_S115,0,0,2,1,0,1,1,0,0,0,0,0,0,0,0,0
NE1-P2-S1-16s_S116,0,1,2,0,2,0,0,1,0,0,0,0,0,0,0,0
NE1-P3-S1-16s_S117,2,0,0,0,1,0,0,0,0,0,0,0,0,0,0,0
NE1-P4-S1-16s_S118,2,1,2,0,1,0,0,1,1,0,0,0,0,1,0,1
NE1-P5-S1-16s_S119,2,1,2,0,0,0,1,2,1,0,0,0,0,0,0,0
NE1-P6-S1-16s_S120,1,2,0,1,1,2,0,1,0,0,0,1,0,0,0,1
NE2-P1-S1-16s_S133,0,1,0,0,0,0,1,0,0,0,0,0,1,0,0,0
NE2-P3-S1-16s_S135,1,1,0,0,0,0,0,0,0,0,1,0,0,0,0,0
NE2-P4-S1-16s_S136,0,0,1,0,0,0,0,0,0,0,1,0,1,0,0,0
NE2-P6-S1-16s_S138,0,0,0,0,0,0,0,1,0,0,2,0,0,0,0,0
NM1-P1-S1-16s_S36,0,1,0,0,0,0,0,0,0,0,1,0,0,0,0,0
NM1-P2-S1-16s_S37,0,0,0,0,0,0,0,1,0,0,0,0,0,0,0,0
NM1-P3-S1-16s_S38,0,1,0,0,1,0,0,0,0,0,0,0,0,0,0,0
NM1-P4-S1-16s_S39,0,1,0,0,1,0,6,0,0,0,0,0,0,0,0,0
NM1-P5-S1-16s_S40,0,0,0,1,1,1,1,0,0,0,0,1,0,0,0,0
NM1-P6-S1-16s_S41,0,1,0,0,1,0,0,0,0,0,1,0,0,0,0,0
OK1-P1-S2-16s_S48,0,0,0,0,0,0,0,0,0,0,1,0,0,0,0,0
OK1-P2-S2-16s_S49,0,1,1,0,0,0,2,1,1,0,1,0,0,0,0,0
OK1-P3-S1-16s_S50,0,1,0,0,0,0,2,0,0,1,0,0,0,0,1,0
OK1-P4-S1-16s_S51,0,0,0,0,0,0,0,1,0,1,0,0,0,0,0,0
OK1-P5-S1-16s_S52,0,0,0,0,0,0,1,0,0,0,0,0,1,0,0,0
OK1-P6-S1-16s_S53,0,1,1,0,0,0,2,1,0,1,0,0,0,0,0,0
SC1-P1-S1-16s_S97,2,2,1,0,1,1,0,0,0,0,0,0,0,1,0,0
SC1-P2-S1-16s_S98,1,1,1,1,0,0,0,0,0,1,0,0,1,0,0,0
SC1-P3-S1-16s_S99,2,1,0,3,0,2,0,0,0,0,0,0,1,0,0,0
SC1-P4-S1-16s_S100,3,0,0,4,0,1,0,0,1,1,0,0,1,1,0,0
SC1-P5-S1-16s_S101,2,3,1,2,0,2,1,0,0,0,0,0,1,0,0,0
SC1-P6-S1-16s_S102,1,2,1,3,0,0,0,0,0,0,0,0,0,0,0,0
SD1-P1-S1-16s_S121,0,0,0,1,0,0,0,0,0,0,0,0,0,0,0,0
SD1-P2-S1-16s_S122,0,0,0,0,1,1,0,1,0,0,0,0,0,0,0,0
SD1-P3-S1-16s_S123,0,2,1,0,0,0,0,0,0,0,1,0,0,0,0,0
SD1-P4-S1-16s_S124,0,2,1,0,0,0,0,1,0,0,0,0,0,0,0,0
SD1-P5-S1-16s_S125,0,1,0,0,0,0,0,0,1,0,0,0,0,1,1,0
SD1-P6-S1-16s_S126,0,0,0,0,0,0,2,0,1,0,1,0,0,0,0,0
TX1-P1-S1-16s_S60,0,0,0,1,0,0,0,0,0,0,0,0,0,0,0,0
TX1-P2-S1-16s_S61,0,1,0,0,1,1,0,0,0,1,0,0,1,0,0,0
TX1-P3-S1-16s_S62,0,0,0,1,0,0,0,0,0,0,0,0,0,0,0,0
TX1-P4-S1-16s_S63,0,1,0,2,1,1,1,0,0,1,0,0,0,0,0,0
TX1-P5-S1-16s_S64,0,1,0,0,1,0,0,0,0,1,0,0,0,0,0,0
TX1-P6-S1-16s_S65,0,1,1,1,1,2,0,1,0,0,0,0,1,0,0,0
TX2-P1-S1-16s_S72,2,0,0,1,0,2,2,0,0,0,0,0,0,0,0,0
TX2-P2-S1-16s_S73,2,0,0,2,0,0,0,0,0,1,0,0,0,0,0,0
TX2-P3-S1-16s_S74,5,0,1,1,1,2,0,1,0,0,0,0,0,0,0,0
TX2-P4-S1-16s_S75,0,0,0,0,0,0,0,0,0,0,0,1,0,0,0,0
TX2-P5-S1-16s_S76,3,0,0,0,1,1,1,0,0,0,0,0,0,0,0,0
TX2-P6-S2-16s_S77,3,0,0,2,0,2,0,0,0,0,0,0,0,0,0,0
TX3-P1-S1-16s_S84,1,1,2,0,2,0,1,1,0,0,0,0,1,0,0,0
TX3-P2-S1-16s_S85,1,2,4,0,0,0,4,1,1,2,1,0,1,0,0,0
TX3-P3-S1-16s_S86,1,2,2,1,0,0,3,0,0,1,1,0,1,0,0,0
TX3-P4-S1-16s_S87,1,3,2,0,0,0,0,1,0,1,2,0,0,0,0,0
TX3-P5-S1-16s_S88,1,2,2,1,0,0,3,1,0,0,1,0,0,0,0,0
TX3-P6-S1-16s_S89,2,3,2,1,0,0,3,0,0,1,1,0,1,0,0,0
WI1-P1-S1-16s_S13,1,2,1,0,1,0,1,1,1,0,0,0,0,1,0,0
WI1-P2-S1-16s_S14,0,0,0,0,0,0,0,0,1,0,0,0,0,0,0,0
WI1-P3-S1-16s_S15,0,0,0,1,2,0,0,0,0,1,0,0,0,0,0,0
WI1-P4-S2-16s_S16,0,0,0,0,0,0,0,0,0,0,0,1,0,0,0,0
WI1-P5-S1-16s_S17,1,0,0,0,0,0,0,1,2,1,0,0,0,0,0,0
WI1-P6-S1-16s_S18,1,1,1,0,0,0,0,1,1,1,0,0,0,0,0,1