SampleID,AT,CT,AC,GC,CC,GT,GA,AA,TC,TT,GG,CG,AG,TG,CA,TA
AL1-P1_S27,1,1,0,0,0,0,0,0,0,0,0,0,0,0,0,0
AL1-P2_S28,0,0,0,0,0,0,0,0,0,1,0,0,0,0,0,0
AL1-P4_S30,0,0,0,0,0,0,0,0,0,1,0,0,0,0,0,0
AL1-P5_S31,0,0,0,0,0,1,0,0,0,0,0,0,0,0,0,0
AL1-P6_S32,0,1,0,0,0,0,0,0,0,0,0,0,0,0,0,0
CO1-P1_S42,1,0,0,1,0,1,0,0,0,0,0,1,1,0,0,0
CO1-P2_S43,0,1,0,0,1,1,0,0,0,0,0,2,0,0,2,0
CO1-P3_S44,0,2,0,1,1,0,0,0,0,1,0,1,1,0,0,0
CO1-P4_S45,0,1,1,0,1,0,0,0,0,1,0,0,1,0,0,0
CO1-P5_S46,0,1,0,0,0,0,0,0,0,0,0,0,0,0,0,0
CO1-P6_S47,3,1,1,1,1,0,1,0,0,1,0,0,1,0,0,0
IA1-P1_S1,0,0,1,0,0,0,0,0,0,1,0,1,0,0,0,0
IA1-P3_S10,0,1,0,0,0,0,0,0,0,0,0,0,0,0,0,0
IA1-P4_S11,0,2,1,0,0,1,0,0,0,1,0,0,0,0,0,0
IA1-P5_S12,0,0,1,1,1,0,0,0,0,0,0,0,0,0,0,0
IA1-P6_S13,0,1,0,0,0,0,0,0,1,0,0,1,0,0,0,0
IL1-P1_S75,1,1,0,0,0,0,0,0,0,0,0,0,0,0,0,0
IL1-P2_S76,0,1,0,0,0,1,0,0,0,0,0,0,0,0,0,0
IL1-P4_S78,0,1,1,0,0,0,0,0,0,0,0,1,0,0,0,0
IL1-P5_S79,1,0,0,0,0,0,0,0,0,0,0,0,0,0,0,0
IN1-P1_S23,0,1,1,0,0,3,0,0,0,0,0,0,0,0,0,0
IN1-P2_S5,0,1,0,0,1,1,0,0,0,0,0,1,0,0,0,0
IN1-P3_S24,0,2,0,0,0,0,0,0,0,1,0,0,0,0,0,0
IN1-P4_S6,1,1,0,0,0,3,0,0,0,0,0,1,0,0,0,0
IN1-P5_S25,1,0,0,0,0,1,0,0,0,0,0,0,0,0,0,0
IN1-P6_S26,1,0,0,0,0,0,0,0,0,0,0,0,0,0,0,0
KS1-P1_S103,0,1,1,0,1,1,0,0,0,0,0,0,0,0,0,0
KS1-P2_S104,0,1,1,0,0,0,0,1,0,0,0,0,0,0,0,0
KS1-P3_S105,0,0,0,0,0,0,0,0,0,1,0,0,0,0,0,0
KS1-P4_S106,0,3,0,0,0,1,0,0,0,0,0,0,0,0,0,0
KS1-P5_S107,0,2,0,2,0,1,0,0,0,1,1,0,2,0,0,0
KS1-P6_S108,1,1,0,0,0,0,0,0,1,0,0,0,0,0,0,0
KS2-P1_S121,0,0,0,0,1,0,0,1,1,0,1,0,0,0,0,0
KS2-P2_S122,1,0,0,1,2,1,1,3,1,0,0,0,0,0,0,0
KS2-P3_S123,1,1,0,1,1,1,0,2,2,0,0,0,0,0,0,0
KS2-P4_S124,0,2,2,1,2,0,0,1,2,0,0,0,0,0,0,0
KS2-P5_S125,1,0,2,1,0,0,0,0,0,0,0,0,0,0,0,0
KS2-P6_S126,1,1,1,0,0,0,0,0,1,0,0,0,0,0,0,0
LA1-P1_S54,0,0,0,0,0,1,0,0,0,1,0,0,0,0,0,0
LA1-P2_S55,1,0,0,0,0,0,0,0,0,0,0,0,0,0,0,0
LA1-P6_S56,1,1,0,0,0,0,0,0,0,0,0,0,0,0,0,0
MI1-P4_S17,0,0,0,0,1,0,0,0,0,0,0,0,0,0,0,0
MI1-P5_S2,0,0,1,1,0,0,0,1,0,0,0,0,0,0,0,0
MI1-P6_S18,0,1,0,0,0,2,0,0,0,0,0,0,0,0,0,0
MN1-P1_S145,1,2,1,2,1,2,0,0,1,0,0,1,0,0,0,0
MN1-P2_S146,2,0,0,0,3,0,1,0,2,0,0,0,0,0,0,0
MN1-P3_S147,1,0,3,2,2,1,2,0,0,0,0,1,0,0,0,0
MN1-P4_S148,2,0,1,2,3,1,2,0,0,1,1,0,0,0,0,0
MN1-P5_S149,0,2,2,1,1,1,2,0,1,1,0,1,0,0,0,0
MN1-P6_S150,0,1,1,1,3,1,0,1,2,1,0,1,0,0,0,0
MO1-P1_S87,0,1,1,0,1,1,0,0,0,0,0,0,0,0,0,0
MO1-P2_S88,2,0,0,0,0,0,0,0,0,0,0,0,0,0,0,0
MO1-P3_S89,0,0,1,0,0,1,0,0,0,0,0,0,0,0,0,0
MO1-P4_S90,1,0,0,0,0,0,0,0,0,0,0,0,0,0,0,0
MO1-P5_S7,0,0,0,0,1,0,1,0,0,0,0,0,0,0,0,0
MO1-P6_S91,0,1,0,0,0,1,0,0,0,0,0,0,0,0,0,0
MS1-P1_S33,1,0,1,1,0,0,0,0,0,0,0,0,1,0,0,0
MS1-P2_S34,0,0,1,0,1,0,0,0,0,0,0,0,0,0,0,0
MS1-P3_S35,1,0,0,0,0,0,0,0,0,1,0,0,0,0,0,0
MS1-P4_S36,0,1,0,0,0,0,0,0,0,0,0,0,0,0,0,0
MS1-P5_S37,1,1,0,0,1,0,0,0,0,1,0,0,0,0,0,0
MS1-P6_S38,1,0,0,1,0,1,0,0,1,0,1,0,0,0,0,0
MT1-P1_S133,0,1,0,1,1,1,0,3,1,0,1,0,0,1,0,0
MT1-P2_S134,2,2,1,1,0,0,0,1,0,0,0,0,1,1,0,0
MT1-P3_S135,1,1,3,0,2,0,1,1,0,0,0,1,0,0,0,0
MT1-P4_S136,0,1,0,1,0,3,0,1,0,0,0,0,0,0,0,0
MT1-P5_S137,2,1,0,0,1,2,1,1,0,0,0,0,1,0,0,0
MT1-P6_S138,1,1,2,3,2,0,1,1,0,0,0,0,0,0,0,0
NC1-P3_S65,2,0,0,0,0,0,0,0,0,0,0,0,1,0,0,0
NC1-P4_S66,1,3,1,1,0,1,0,0,0,0,0,0,0,0,1,0
NC1-P5_S67,2,0,1,1,0,1,0,0,0,0,0,0,0,0,0,0
NC1-P6_S68,2,1,0,1,0,2,0,0,0,1,0,0,0,0,0,0
ND1-P1_S139,1,2,0,2,1,1,0,0,0,1,0,0,0,0,0,0
ND1-P2_S140,1,2,1,3,0,1,1,0,1,0,1,1,0,0,0,0
ND1-P3_S141,0,2,1,1,0,0,0,0,1,1,0,0,0,0,0,0
ND1-P4_S142,2,1,2,2,1,1,3,0,2,1,0,0,0,0,0,0
ND1-P5_S143,1,2,4,3,1,1,1,0,1,0,1,0,0,0,0,0
ND1-P6_S144,1,0,3,3,0,1,2,0,2,0,0,0,0,0,0,0
NE1-P1_S109,2,0,0,1,0,1,0,0,0,0,0,0,0,1,0,0
NE1-P2_S110,2,2,0,0,1,0,1,0,1,0,1,0,0,0,0,0
NE1-P4_S112,1,0,0,1,0,0,0,0,0,0,1,0,0,0,0,0
NE1-P5_S113,0,1,2,0,1,0,0,0,0,0,0,0,0,0,0,0
NE1-P6_S114,6,2,0,0,0,0,1,0,0,0,1,0,0,0,0,0
NE2-P1_S127,1,0,3,3,1,0,1,1,0,0,1,0,0,0,0,0
NE2-P2_S128,1,0,0,3,0,1,2,2,1,0,0,0,0,0,0,0
NE2-P3_S129,3,1,3,3,2,0,1,3,1,1,0,0,1,0,0,1
NE2-P4_S130,1,2,2,0,0,1,2,4,2,1,1,0,0,0,0,0
NE2-P5_S131,1,0,1,0,1,0,3,0,1,1,3,1,0,0,0,0
NE2-P6_S132,0,2,2,2,1,2,1,0,2,1,1,0,1,0,0,0
NM1-P2_S39,0,2,1,0,0,0,1,1,0,1,1,0,0,0,0,0
NM1-P3_S40,1,1,2,0,1,1,0,0,0,0,0,0,0,0,0,0
NM1-P6_S41,1,5,1,0,0,2,0,0,1,0,0,0,0,0,0,0
OK1-P1_S48,2,2,1,1,2,0,1,0,2,1,0,0,0,0,0,0
OK1-P2_S49,1,1,0,1,2,0,1,1,1,0,0,0,0,0,0,0
OK1-P3_S50,0,3,1,0,0,0,1,2,2,2,0,0,0,0,0,0
OK1-P4_S51,1,2,2,1,4,1,0,0,3,1,0,0,0,0,0,0
OK1-P5_S52,1,0,2,1,1,1,2,1,2,0,0,0,0,0,0,0
OK1-P6_S53,3,1,2,1,1,0,1,1,1,1,0,0,0,0,0,0
SC1-P1_S92,1,0,1,0,0,0,0,0,0,0,0,0,0,0,0,0
SC1-P2_S93,0,0,1,0,0,0,0,0,0,0,0,0,0,0,0,0
SC1-P3_S94,1,2,1,0,1,1,1,1,0,0,0,0,0,0,1,0
SC1-P5_S96,1,0,0,0,0,0,0,0,0,0,0,0,0,0,0,0
SC1-P6_S97,0,1,0,0,0,0,0,0,0,0,0,0,0,1,0,0
SD1-P1_S115,1,1,0,3,1,2,1,1,1,1,1,0,0,0,0,0
SD1-P2_S116,1,1,3,0,1,1,1,2,0,1,0,1,0,0,0,0
SD1-P3_S117,5,1,0,3,1,3,1,1,0,2,1,1,0,0,0,0
SD1-P4_S118,3,2,1,1,2,0,0,1,0,1,0,0,0,0,0,0
SD1-P5_S119,0,2,0,1,1,1,0,1,0,0,0,0,0,0,0,0
SD1-P6_S120,2,1,1,1,0,2,1,0,0,1,1,0,0,0,0,0
TX1-P2_S58,1,0,0,0,1,0,0,0,0,0,0,0,0,0,0,0
TX1-P3_S59,1,0,0,0,0,0,0,0,1,0,0,0,0,0,0,0
TX1-P4_S60,1,0,0,0,0,0,0,0,1,0,0,0,0,0,0,0
TX1-P5_S61,1,0,0,1,0,0,1,0,0,0,0,0,0,0,0,0
TX1-P6_S62,1,0,0,0,0,0,0,0,0,0,0,0,0,0,0,0
TX2-P1_S69,3,0,1,0,2,2,0,0,2,1,0,0,0,0,0,0
TX2-P2_S70,1,0,0,1,0,0,0,0,0,0,0,0,1,0,0,0
TX2-P3_S71,0,0,0,0,1,1,0,0,0,0,0,0,1,0,0,0
TX2-P4_S72,1,0,0,0,1,1,0,0,1,0,0,0,1,0,0,0
TX2-P5_S73,0,0,1,0,1,1,0,1,1,0,0,0,1,0,0,0
TX2-P6_S74,0,0,0,1,1,0,1,0,1,0,0,0,1,0,0,0
TX3-P1_S81,3,1,1,1,1,1,1,2,1,0,1,0,0,0,0,0
TX3-P2_S82,7,1,3,1,3,0,2,2,0,1,1,0,0,0,0,0
TX3-P3_S83,2,3,2,2,1,1,3,1,0,0,1,0,0,0,0,0
TX3-P4_S84,4,2,1,4,1,1,1,2,0,1,1,0,0,0,0,0
TX3-P5_S85,5,3,2,3,3,0,2,3,1,0,0,0,0,0,0,0
TX3-P6_S86,6,3,4,2,3,2,3,3,0,2,1,0,0,0,0,0
WI1-P1_S19,0,0,1,0,1,0,0,0,0,0,1,0,0,0,0,0
WI1-P2_S20,1,0,1,1,1,0,0,0,0,0,1,1,0,2,0,0
WI1-P3_S3,1,0,0,1,3,0,0,0,0,0,0,0,0,1,0,0
WI1-P4_S4,0,1,0,0,0,0,0,0,0,0,0,0,0,0,0,0
WI1-P5_S21,0,0,1,0,0,0,0,0,0,0,0,0,0,0,0,0
WI1-P6_S22,0,1,1,0,0,0,0,0,0,0,0,0,0,1,0,0