SampleID,AT,CT,AC,CC,GC,TC,AA,GA,GT,TT,GG,CG,AG,TG,TA,CA
AL1-P1-S1-16s_S25,0,0,0,0,0,0,0,0,0,0,0,0,1,0,0,0
AL1-P2-S1-16s_S26,0,0,0,0,0,0,0,0,0,1,0,0,0,0,0,0
AL1-P3-S2-16s_S27,1,0,0,0,0,0,0,0,0,0,0,0,0,0,0,0
AL1-P4-S1-16s_S28,0,0,0,1,0,0,0,0,0,0,0,0,0,0,0,0
AL1-P6-S1-16s_S30,1,0,0,0,0,0,0,0,0,0,0,0,0,0,0,0
CO1-P1-S1-16s_S42,1,0,0,0,0,0,0,0,1,0,0,1,0,0,0,0
CO1-P2-S1-16s_S43,1,1,0,1,0,0,1,0,3,0,0,0,0,0,0,0
CO1-P3-S1-16s_S44,0,0,0,2,1,0,0,0,0,0,0,1,0,0,0,2
CO1-P4-S1-16s_S45,2,1,0,1,1,0,0,0,0,1,0,1,0,0,0,0
CO1-P5-S1-16s_S46,0,0,0,1,0,0,0,0,0,0,0,0,0,0,0,0
CO1-P6-S1-16s_S47,0,1,2,1,0,0,1,0,1,1,1,2,0,0,0,0
IA1-P1-S1-16s_S1,1,0,2,1,1,0,0,1,0,1,0,0,0,0,0,0
IA1-P2-S1-16s_S2,2,1,0,0,1,0,0,0,0,1,0,0,0,0,0,0
IA1-P3-S1-16s_S3,0,3,0,1,1,0,0,0,1,0,0,0,0,0,0,0
IA1-P4-S1-16s_S4,1,2,1,1,0,0,0,0,0,0,0,0,0,0,0,0
IA1-P5-S1-16s_S5,1,1,0,0,0,2,0,1,0,0,0,0,0,0,0,0
IA1-P6-S1-16s_S6,0,1,1,2,0,0,0,1,0,0,0,0,0,0,0,0
IL1-P3-S1-16s_S80,0,0,0,0,0,0,0,0,1,0,0,0,0,0,0,0
IL1-P4-S1-16s_S81,0,0,0,0,0,0,0,0,0,0,0,0,1,0,0,0
IL1-P5-S1-16s_S82,0,0,0,0,0,0,0,0,0,0,0,0,1,0,0,0
IL1-P6-S1-16s_S83,1,0,0,0,0,0,0,0,1,0,0,0,0,0,0,0
IN1-P1-S1-16s_S19,0,0,1,0,0,1,0,0,1,0,0,0,0,0,0,0
IN1-P2-S1-16s_S20,1,0,0,0,1,0,0,0,0,0,0,0,0,0,0,0
IN1-P3-S1-16s_S21,0,1,0,0,0,0,0,0,1,0,0,0,0,0,0,0
IN1-P4-S1-16s_S22,1,0,0,0,0,1,0,0,1,0,1,0,0,0,0,0
KS1-P1-S1-16s_S109,1,1,1,0,0,0,1,0,1,1,0,1,0,0,0,0
KS1-P2-S1-16s_S110,2,0,1,1,0,0,0,0,0,0,0,0,0,0,0,0
KS1-P4-S1-16s_S112,0,0,1,1,0,0,1,0,0,0,0,1,0,0,0,0
KS1-P5-S1-16s_S113,0,1,0,1,0,0,0,0,1,0,0,0,0,0,0,0
KS1-P6-S1-16s_S114,2,2,0,1,0,0,1,0,0,0,0,0,1,0,0,0
KS2-P1-S1-16s_S127,0,2,1,0,0,0,0,0,0,0,0,0,0,0,0,0
KS2-P2-S1-16s_S128,0,0,0,1,1,1,2,0,0,0,0,0,0,0,0,0
KS2-P3-S1-16s_S129,0,1,1,1,0,0,2,0,0,0,0,0,0,0,0,0
KS2-P4-S1-16s_S130,0,1,2,1,1,0,0,0,0,0,0,0,0,0,0,0
KS2-P5-S1-16s_S131,1,0,1,1,0,1,0,0,0,0,1,0,0,0,0,0
KS2-P6-S1-16s_S132,1,0,1,0,0,0,1,0,0,1,0,0,0,0,0,0
LA1-P1-S1-16s_S54,0,1,0,0,0,0,0,0,0,0,0,0,0,0,0,0
LA1-P2-S1-16s_S55,1,0,0,0,0,0,0,0,0,0,0,0,0,0,0,0
LA1-P3-S1-16s_S56,0,1,0,0,0,0,0,0,0,0,0,0,0,0,0,0
LA1-P4-S1-16s_S57,0,1,0,0,0,0,0,0,0,0,0,0,0,0,0,0
LA1-P5-S2-16s_S58,0,1,0,0,0,0,0,0,0,0,0,0,0,0,0,0
LA1-P6-S2-16s_S59,1,0,0,0,0,0,0,0,0,0,0,0,0,0,0,0
MI1-P1-S1-16s_S7,0,0,1,0,0,0,0,0,0,0,0,0,0,1,0,0
MI1-P4-S1-16s_S10,0,0,0,0,0,0,0,0,1,0,0,0,0,0,0,0
MI1-P5-S2-16s_S11,0,1,0,0,0,0,0,0,0,0,0,0,0,0,0,0
MI1-P6-S2-16s_S12,1,0,0,0,0,0,0,0,0,0,0,0,0,0,0,0
MN1-P1-S1-16s_S151,1,1,1,1,1,1,0,0,0,0,0,0,0,0,0,0
MN1-P2-S1-16s_S152,0,0,0,1,1,0,0,1,1,0,0,0,0,0,0,0
MN1-P3-S1-16s_S153,2,1,1,3,0,0,0,0,1,1,0,0,0,0,0,0
MN1-P4-S1-16s_S154,1,4,1,1,1,0,0,1,0,0,0,0,0,0,0,0
MN1-P5-S1-16s_S155,0,1,0,1,1,1,0,2,0,1,0,0,0,0,0,0
MN1-P6-S1-16s_S156,1,0,1,2,1,1,0,0,1,0,0,1,0,0,0,0
MO1-P1-S1-16s_S90,1,0,0,0,0,1,0,0,1,0,0,0,0,0,0,0
MO1-P2-S1-16s_S91,0,0,0,0,0,0,0,0,1,0,1,0,0,0,0,0
MO1-P3-S1-16s_S93,0,0,0,1,0,0,0,0,0,0,0,0,0,0,0,0
MO1-P4-S1-16s_S94,1,0,1,0,0,0,0,0,0,0,0,0,0,0,0,0
MO1-P5-S1-16s_S95,1,0,0,0,0,0,0,0,0,0,0,0,0,0,0,0
MO1-P6-S1-16s_S96,2,0,0,0,0,0,0,0,1,0,0,0,0,0,0,0
MS1-P1-S1-16s_S31,0,0,0,0,1,1,0,0,0,0,0,0,0,0,0,0
MS1-P2-S1-16s_S32,1,0,1,1,0,0,0,0,0,0,0,0,0,0,0,0
MS1-P5-S1-16s_S34,0,0,0,1,0,0,0,0,0,0,0,0,0,0,0,0
MS1-P6-S1-16s_S35,1,0,0,0,0,1,0,0,0,0,0,0,0,0,0,0
MT1-P1-S1-16s_S139,1,0,1,1,1,0,1,0,0,0,0,0,0,0,0,0
MT1-P2-S1-16s_S140,0,2,0,1,0,0,1,0,0,0,0,0,0,1,0,0
MT1-P3-S1-16s_S141,2,2,0,1,0,0,0,0,0,0,0,0,0,0,0,0
MT1-P4-S1-16s_S142,3,0,0,0,1,1,1,0,1,1,1,0,0,0,0,0
MT1-P5-S1-16s_S143,1,1,0,0,0,0,1,0,0,0,1,0,0,1,0,0
MT1-P6-S1-16s_S144,2,2,1,2,0,0,1,0,1,0,0,0,0,0,0,0
NC1-P1-S1-16s_S66,2,0,2,0,1,1,0,0,1,0,0,0,0,0,0,0
NC1-P2-S1-16s_S67,2,0,0,0,0,0,0,0,0,0,0,0,0,0,0,0
NC1-P3-S1-16s_S68,0,1,0,0,0,0,0,0,0,0,0,0,1,0,0,0
NC1-P4-S1-16s_S69,2,0,1,1,0,0,0,0,1,0,0,0,0,0,0,0
NC1-P5-S1-16s_S70,1,0,0,0,1,0,0,0,0,0,0,0,0,0,0,0
NC1-P6-S1-16s_S71,1,0,0,1,1,0,0,0,1,0,0,0,0,0,0,0
ND1-P1-S1-16s_S145,1,2,0,0,2,1,0,1,0,2,0,0,0,0,0,0
ND1-P2-S1-16s_S146,2,0,1,1,2,1,0,1,0,0,1,0,0,0,0,0
ND1-P3-S1-16s_S147,2,2,1,0,2,0,0,1,1,0,0,0,0,0,0,0
ND1-P4-S1-16s_S148,1,0,2,0,1,0,0,1,1,0,0,0,0,0,0,0
ND1-P5-S1-16s_S149,3,1,3,0,3,1,0,1,1,0,1,0,0,0,0,0
ND1-P6-S1-16s_S150,1,0,4,0,1,2,0,2,1,0,0,0,0,0,0,0
NE1-P1-S1-16s_S115,1,1,0,0,2,0,1,1,1,0,0,0,0,0,0,0
NE1-P2-S1-16s_S116,1,1,0,0,1,1,0,1,0,0,1,0,0,0,0,0
NE1-P3-S1-16s_S117,1,3,0,0,0,0,1,1,1,0,0,0,0,0,0,0
NE1-P4-S1-16s_S118,1,2,0,0,1,0,0,1,0,0,0,1,0,0,0,0
NE1-P6-S1-16s_S120,3,1,0,0,1,1,0,1,0,0,1,0,0,0,0,0
NE2-P1-S1-16s_S133,1,0,0,1,1,0,1,2,0,0,0,0,0,0,0,0
NE2-P2-S1-16s_S134,2,0,2,2,0,0,1,0,1,0,1,0,0,0,1,0
NE2-P3-S1-16s_S135,1,0,0,0,2,1,1,1,0,0,1,0,0,0,1,0
NE2-P4-S1-16s_S136,1,1,0,3,0,1,2,3,0,0,1,0,0,0,0,0
NE2-P5-S1-16s_S137,1,0,3,0,2,1,3,3,0,0,0,0,0,0,0,0
NE2-P6-S1-16s_S138,1,1,0,1,0,2,0,1,1,0,1,1,0,0,0,0
NM1-P1-S1-16s_S36,2,1,0,1,0,0,0,2,0,0,0,1,0,0,0,0
NM1-P2-S1-16s_S37,1,0,4,1,1,1,0,1,0,0,0,0,0,0,0,0
NM1-P3-S1-16s_S38,1,2,1,0,1,1,1,1,0,0,0,1,0,0,0,0
NM1-P4-S1-16s_S39,0,2,0,0,1,0,0,1,0,1,1,0,0,0,0,0
NM1-P5-S1-16s_S40,2,0,3,2,0,1,2,1,0,1,0,0,0,0,0,0
NM1-P6-S1-16s_S41,3,1,2,0,0,0,1,1,0,1,0,0,0,0,0,0
OK1-P1-S2-16s_S48,1,1,1,1,0,3,1,1,0,1,0,0,0,0,0,0
OK1-P2-S2-16s_S49,2,1,0,1,1,3,0,1,0,0,0,0,0,0,0,0
OK1-P3-S1-16s_S50,4,3,2,0,0,4,2,1,0,2,0,0,0,0,0,0
OK1-P4-S1-16s_S51,1,0,0,0,1,2,1,1,0,1,0,0,0,0,0,0
OK1-P5-S1-16s_S52,2,0,2,1,0,3,2,1,0,1,0,0,0,0,0,0
OK1-P6-S1-16s_S53,3,2,2,3,1,2,1,1,0,2,0,0,0,1,0,0
SC1-P1-S1-16s_S97,0,0,0,1,0,0,0,0,0,0,0,0,0,0,0,0
SC1-P2-S1-16s_S98,0,1,0,0,0,0,0,0,0,0,0,0,0,0,0,0
SC1-P4-S1-16s_S100,1,0,0,0,0,0,0,0,0,0,0,0,0,0,0,0
SD1-P1-S1-16s_S121,1,0,0,0,1,0,0,1,0,0,0,0,0,0,0,0
SD1-P2-S1-16s_S122,1,0,0,0,0,0,0,3,1,0,0,1,0,0,0,0
SD1-P3-S1-16s_S123,2,0,0,1,1,0,0,0,2,0,1,1,0,0,0,0
SD1-P4-S1-16s_S124,1,0,0,1,0,0,1,0,2,1,0,0,0,0,0,0
SD1-P5-S1-16s_S125,1,0,0,1,0,0,1,0,1,1,1,0,0,0,0,0
SD1-P6-S1-16s_S126,1,0,0,0,0,0,1,0,1,0,0,0,0,0,0,0
TX1-P4-S1-16s_S63,1,0,0,0,0,0,0,0,0,0,0,0,1,0,0,0
TX1-P5-S1-16s_S64,1,0,0,0,0,0,0,0,0,0,0,0,0,0,0,0
TX1-P6-S1-16s_S65,0,0,0,1,0,0,0,0,0,0,0,0,0,0,0,0
TX2-P1-S1-16s_S72,0,1,1,2,0,0,0,0,0,0,0,0,0,0,0,0
TX2-P2-S1-16s_S73,1,0,1,0,1,0,1,0,0,2,0,0,0,0,0,0
TX2-P3-S1-16s_S74,0,0,0,1,0,0,0,0,0,0,0,0,1,0,0,0
TX2-P4-S1-16s_S75,0,0,1,0,0,1,0,1,2,0,0,0,0,0,0,0
TX2-P6-S2-16s_S77,0,0,1,1,0,0,0,0,0,0,0,0,0,0,0,0
TX3-P1-S1-16s_S84,5,1,1,1,1,0,3,1,0,0,0,0,0,0,0,0
TX3-P2-S1-16s_S85,5,1,1,1,2,0,2,1,0,0,0,0,0,0,0,0
TX3-P3-S1-16s_S86,2,2,2,1,2,0,0,1,0,1,0,0,0,0,0,0
TX3-P4-S1-16s_S87,5,2,1,1,0,1,1,1,0,2,0,0,0,0,0,0
TX3-P5-S1-16s_S88,2,3,1,4,1,3,4,2,0,2,0,0,0,0,0,0
TX3-P6-S1-16s_S89,5,3,2,4,2,3,5,1,0,1,0,1,0,0,0,0
WI1-P1-S1-16s_S13,0,0,1,0,1,0,0,0,0,0,0,0,0,0,0,0
WI1-P2-S1-16s_S14,0,0,1,0,0,0,0,0,0,0,0,0,0,0,0,0
WI1-P3-S1-16s_S15,1,1,0,0,0,1,0,0,0,0,0,0,0,0,0,0
WI1-P4-S2-16s_S16,0,0,1,1,0,0,0,0,0,0,1,0,0,0,0,0
WI1-P6-S1-16s_S18,1,1,5,0,1,0,0,0,0,0,0,0,0,0,0,0